Participant_ID,Age,Gender,Education_Level,Region,Marital_Status,Chronic_Diseases,Glucose_Level,BMI,MMSE_Score,GDS_Score,Sleep_Quality_Score,Physical_Activity_Score,Smoking_Status,Alcohol_Use,Cognitive_Impairment_Status,cognitive_risk
P1000,0.2068965517241379,Female,0.3333333333333333,Urban,Single,0.0,0.43400303566050324,0.1916680247137693,0.7071908943987335,0.0967251193226892,0.75,0.7000000000000001,No,Yes,0.0,0.0967251193226892
P1001,0.6551724137931032,Female,0.6666666666666666,Urban,Widowed,0.5714285714285714,0.46913953164919875,0.22319557683354974,0.55642602562243,0.9281945015312008,0.75,0.2,Yes,No,0.0,1.4996230729597722
P1002,0.96551724137931,Female,0.0,Urban,Married,0.5714285714285714,0.04119715682513836,0.6114968297626276,0.48863236382131864,0.22878137286876363,0.25,0.7000000000000001,No,Yes,0.0,0.800209944297335
P1003,0.4827586206896548,Female,0.6666666666666666,Urban,Married,0.2857142857142857,0.25542408019164686,0.47533060730217824,0.47575860773367223,0.6312619132479741,1.0,0.30000000000000004,Yes,No,0.0,0.9169761989622598
P1004,0.34482758620689635,Male,0.3333333333333333,Urban,Widowed,0.2857142857142857,0.3493167751882361,0.5025351535894552,0.3953806237127339,0.6225539744847557,0.5,0.5,No,Yes,0.0,0.9082682601990414
P1005,0.2413793103448274,Male,1.0,Rural,Widowed,0.2857142857142857,0.28383511137551865,0.3574322259167354,0.3578269002783571,0.10648699336172446,0.75,0.9,No,Yes,0.0,0.39220127907601016
P1006,0.96551724137931,Male,1.0,Rural,Single,0.7142857142857142,0.0,0.5474736750312293,1.0,0.44399682317403605,1.0,0.1,Yes,Yes,0.0,1.1582825374597503
P1007,0.6896551724137931,Female,0.0,Rural,Married,0.2857142857142857,0.10193792244088429,0.5177815123586881,0.6467750481357906,0.6195936631590687,1.0,0.7000000000000001,Yes,Yes,0.0,0.9053079488733544
P1008,0.2068965517241379,Male,0.3333333333333333,Urban,Married,0.42857142857142855,0.19910691240260547,0.4724614389891565,0.5797325716931474,0.10393667202923923,0.75,0.8,No,Yes,0.0,0.5325081006006678
P1009,0.8620689655172411,Female,0.0,Urban,Divorced,0.42857142857142855,0.3974526331911302,0.24469744451961628,0.4981876696846132,0.42490482983443495,1.0,0.6000000000000001,No,No,0.0,0.8534762584058635
P1010,0.6206896551724137,Female,0.6666666666666666,Rural,Married,0.0,0.3439663010864483,0.28326597302002254,0.7196014595401012,0.6397425568980905,1.0,0.7000000000000001,Yes,Yes,0.0,0.6397425568980905
P1011,0.7586206896551722,Male,0.6666666666666666,Urban,Single,0.2857142857142857,0.3114051529119043,0.5560236543149765,0.9051062373091687,0.655275211967202,0.75,0.6000000000000001,No,No,0.0,0.9409894976814877
P1012,0.34482758620689635,Male,0.3333333333333333,Urban,Divorced,0.5714285714285714,0.5494191601321402,0.2696847742816445,0.7900854103227648,0.30541907698905685,0.0,1.0,No,Yes,0.0,0.8768476484176282
P1013,0.34482758620689635,Male,0.6666666666666666,Rural,Divorced,0.2857142857142857,0.5493556108206271,0.129359247951917,0.8375697750201998,0.772461032173194,0.25,0.9,Yes,No,0.0,1.0581753178874798
P1014,0.7931034482758621,Female,0.3333333333333333,Urban,Divorced,0.0,0.4416531089136456,0.26617853186109486,0.4764848923088711,0.7150029007148474,0.5,0.30000000000000004,Yes,Yes,0.0,0.7150029007148474
P1015,0.6896551724137931,Male,0.0,Rural,Widowed,0.14285714285714285,0.4366867137864433,0.6471646694943852,0.6159273549905395,0.4589715934460064,0.25,0.0,No,Yes,0.0,0.6018287363031493
P1016,0.10344827586206895,Female,0.6666666666666666,Urban,Widowed,0.14285714285714285,0.2738899081777647,0.26635697011061865,0.47963352435410594,0.24242044314357286,0.0,0.2,Yes,No,0.0,0.3852775860007157
P1017,0.2413793103448274,Male,0.3333333333333333,Rural,Married,0.14285714285714285,0.29383461155724533,0.42320996217939866,0.6425422686390092,0.12047824003257,0.0,0.6000000000000001,Yes,No,0.0,0.26333538288971287
P1018,0.7931034482758621,Female,0.6666666666666666,Urban,Divorced,0.42857142857142855,0.13205843614579704,0.2516931044779184,0.9216092854244313,0.4917647832982016,1.0,1.0,No,Yes,0.0,0.9203362118696301
P1019,0.068965517241379,Female,0.3333333333333333,Urban,Single,0.2857142857142857,0.3748747613702782,0.5024410099064301,0.7221213706072533,0.7532503635403726,0.25,1.0,Yes,Yes,0.0,1.0389646492546583
P1020,0.7241379310344827,Male,1.0,Rural,Widowed,0.42857142857142855,0.5476235482851995,0.46123621649145863,1.0,0.3655410267752157,0.0,0.6000000000000001,Yes,No,0.0,0.7941124553466443
P1021,0.6896551724137931,Female,0.0,Urban,Single,0.42857142857142855,0.6423883161290934,0.0925118652426613,0.5478355238870771,0.1942761864697817,0.25,1.0,No,Yes,0.0,0.6228476150412102
P1022,0.0344827586206895,Female,0.3333333333333333,Urban,Single,0.2857142857142857,0.3758700236824227,0.4123694521974509,0.42370734578509556,0.5993880728251609,0.0,0.2,Yes,Yes,0.0,0.8851023585394466
P1023,0.7931034482758621,Male,0.6666666666666666,Rural,Widowed,0.14285714285714285,0.49861147200161515,0.057711475036623994,0.7395336493702578,0.4429222246531251,0.5,0.0,No,No,0.0,0.5857793675102679
P1024,0.37931034482758585,Female,0.3333333333333333,Urban,Widowed,0.14285714285714285,0.0,0.26289676410383456,0.6453739690960183,0.5250491162946647,0.0,0.9,Yes,Yes,0.0,0.6679062591518075
P1025,1.0,Male,1.0,Rural,Widowed,0.7142857142857142,0.34451194660026274,0.3615574697032041,0.694179800907889,0.2745773580576915,0.25,0.8,Yes,Yes,0.0,0.9888630723434058
P1026,0.17241379310344795,Female,0.6666666666666666,Urban,Widowed,0.14285714285714285,0.3406062699777893,0.6994301664477266,0.6583896785982137,0.3119676770105679,1.0,0.5,No,No,0.0,0.45482481986771073
P1027,0.0344827586206895,Male,0.6666666666666666,Urban,Divorced,0.2857142857142857,0.6651947190375639,0.42143863001803206,0.5009291008050538,0.27344261737414116,0.25,0.6000000000000001,Yes,Yes,0.0,0.5591569030884269
P1028,0.9310344827586206,Male,0.6666666666666666,Urban,Divorced,0.2857142857142857,0.48215557682023646,0.22416616595217398,0.6637806004802906,0.5210230625392309,0.75,0.0,Yes,No,0.0,0.8067373482535166
P1029,0.6896551724137931,Female,1.0,Urban,Divorced,0.0,0.49904257048010126,0.3059617995424363,0.8499676774937492,0.3192941946132074,0.25,0.0,Yes,No,0.0,0.3192941946132074
P1030,0.0,Female,1.0,Rural,Divorced,0.0,0.4903880518331655,0.531672140807728,0.8745657811820271,0.5434569566776596,0.5,0.30000000000000004,Yes,Yes,0.0,0.5434569566776596
P1031,0.37931034482758585,Female,0.6666666666666666,Urban,Married,0.42857142857142855,0.42424045538870325,0.22663330150182392,0.4997122762078104,0.2514608118606232,0.5,0.6000000000000001,Yes,Yes,0.0,0.6800322404320518
P1032,0.8620689655172411,Female,0.6666666666666666,Rural,Divorced,0.14285714285714285,0.672060888474855,0.5630869996366347,0.6722251804237496,0.5206219083096936,0.5,1.0,Yes,No,0.0,0.6634790511668365
P1033,0.7241379310344827,Female,0.0,Urban,Widowed,0.5714285714285714,0.032453408672487916,0.2685361312641098,0.9705770144882186,0.5702454440963017,0.0,1.0,No,No,0.0,1.141674015524873
P1034,0.96551724137931,Male,0.0,Urban,Single,0.5714285714285714,0.4410350681192362,0.19721469899779664,0.5048900993171117,0.4806981669256608,0.5,0.7000000000000001,Yes,Yes,0.0,1.0521267383542323
P1035,0.37931034482758585,Female,0.6666666666666666,Urban,Divorced,0.14285714285714285,0.6049671419399273,0.2743630980176782,0.4614206848591727,0.6215487630903428,0.25,0.9,Yes,No,0.0,0.7644059059474857
P1036,0.8275862068965516,Male,0.0,Urban,Married,0.7142857142857142,0.10143442446789208,0.06976647198398722,0.8071179201893512,0.28511941574164834,1.0,0.8,No,Yes,0.0,0.9994051300273625
P1037,0.5517241379310343,Male,0.3333333333333333,Rural,Widowed,0.14285714285714285,0.5563196422953837,0.0,0.7651118610503655,0.567565787860639,0.5,0.0,No,No,0.0,0.7104229307177818
P1038,0.896551724137931,Female,0.3333333333333333,Rural,Single,0.0,0.28980612645578074,0.3486299292143892,0.4165209229057641,0.4570753079391685,0.25,0.30000000000000004,No,No,0.0,0.4570753079391685
P1039,0.896551724137931,Male,0.3333333333333333,Rural,Single,0.2857142857142857,0.4349693214736735,0.3514003857557165,0.28184666480215365,0.20614755947218513,0.0,0.30000000000000004,Yes,No,0.0,0.4918618451864708
P1040,0.31034482758620685,Male,0.6666666666666666,Rural,Divorced,0.42857142857142855,0.28660676984242883,0.4102657790066665,0.6675683564963661,0.0,0.0,0.2,No,Yes,0.0,0.42857142857142855
P1041,0.9310344827586206,Male,1.0,Urban,Single,0.14285714285714285,0.5765252794248371,0.3477319664135322,0.5166923547110942,0.0,1.0,0.6000000000000001,No,No,0.0,0.14285714285714285
P1042,0.9310344827586206,Male,0.0,Rural,Divorced,0.14285714285714285,0.3686063531294056,0.7871369316556039,0.21370185102689804,0.0,1.0,0.0,Yes,No,0.0,0.14285714285714285
P1043,0.5172413793103448,Female,0.6666666666666666,Rural,Divorced,0.14285714285714285,0.5576328093928687,0.3942562442313994,0.4523808305930636,0.503452273449857,0.25,0.8,No,No,0.0,0.6463094163069998
P1044,0.4827586206896548,Male,1.0,Urban,Widowed,0.42857142857142855,0.48922163937739016,0.11337038979698089,0.7611973671022481,0.322812848493622,1.0,0.7000000000000001,Yes,No,0.0,0.7513842770650505
P1045,1.0,Female,0.0,Urban,Widowed,0.2857142857142857,0.284367919323527,0.16001548078134853,0.5806641218698501,0.4219209116954947,1.0,0.1,Yes,Yes,0.0,0.7076351974097804
P1046,1.0,Female,1.0,Urban,Married,0.2857142857142857,0.5003098650659209,0.36369175806340526,0.9918843764294631,0.35754251968507894,0.0,0.1,Yes,No,0.0,0.6432568053993646
P1047,0.4827586206896548,Male,0.3333333333333333,Urban,Widowed,0.0,0.3060718236645448,0.2844678877166419,0.11717398566779785,0.5408698569624582,0.25,0.7000000000000001,Yes,Yes,0.0,0.5408698569624582
P1048,1.0,Female,0.3333333333333333,Rural,Widowed,0.14285714285714285,0.4273546823066622,0.1402763823339157,0.9372681699987513,0.5479045209635535,1.0,1.0,Yes,No,0.0,0.6907616638206964
P1049,0.6206896551724137,Female,1.0,Rural,Divorced,0.14285714285714285,0.3655676064183667,0.35293671224857015,0.5345760844808227,0.41126113946488163,0.25,0.0,No,No,0.0,0.5541182823220245
P1050,0.37931034482758585,Female,0.3333333333333333,Urban,Widowed,0.7142857142857142,0.5666519777314624,0.3555955946577559,0.4999745123384058,0.42582000592567654,0.5,0.6000000000000001,Yes,Yes,0.0,1.1401057202113907
P1051,0.7586206896551722,Male,0.6666666666666666,Urban,Divorced,0.5714285714285714,0.5067203784562365,0.6537624969994026,0.2455175554100147,0.4354291698735134,0.0,0.8,No,Yes,0.0,1.0068577413020847
P1052,0.6551724137931032,Female,1.0,Urban,Divorced,0.2857142857142857,0.4115464085658763,0.19707459870507338,0.7282693908226576,0.7357542037997137,0.0,0.2,Yes,No,0.0,1.0214684895139994
P1053,0.8275862068965516,Female,0.0,Rural,Widowed,0.2857142857142857,0.30238137047405655,0.2876858534712413,0.17953896196804492,0.0,0.0,0.6000000000000001,No,No,0.0,0.2857142857142857
P1054,0.068965517241379,Female,0.6666666666666666,Rural,Married,0.0,0.2051680850282137,0.6532029798355693,0.8127446292684062,0.23963724453902954,0.75,0.5,Yes,No,0.0,0.23963724453902954
P1055,0.13793103448275845,Male,1.0,Urban,Married,0.0,0.43927606988178314,0.42337931053283817,0.25457504283843163,0.6090918186650484,0.25,0.6000000000000001,Yes,Yes,0.0,0.6090918186650484
P1056,0.6206896551724137,Female,0.0,Urban,Single,0.14285714285714285,0.3112848511413735,0.19600823136011225,0.2923227278393354,0.6674626629422128,0.5,0.6000000000000001,Yes,No,0.0,0.8103198057993557
P1057,0.2068965517241379,Male,1.0,Rural,Single,0.2857142857142857,0.103667307071029,0.2336850573616528,0.3317064780724503,0.5037098712779619,1.0,0.9,No,Yes,0.0,0.7894241569922475
P1058,0.6896551724137931,Male,0.6666666666666666,Urban,Widowed,0.42857142857142855,0.19499524316729167,0.14288022635733433,0.44549790221546853,0.3566463149153831,0.5,0.0,No,No,0.0,0.7852177434868117
P1059,0.2758620689655169,Male,0.6666666666666666,Urban,Married,0.2857142857142857,0.6876458842569529,0.3776859323043019,0.8424748910902293,0.8487657835442691,0.25,0.2,No,Yes,0.0,1.1344800692585548
P1060,0.2068965517241379,Male,0.6666666666666666,Rural,Divorced,0.0,0.30667060250175915,0.551119997242849,0.9770045534942067,0.4437159077642716,0.0,0.9,Yes,Yes,0.0,0.4437159077642716
P1061,0.5862068965517238,Male,0.3333333333333333,Urban,Single,0.14285714285714285,0.597027129585067,0.6601638682967864,0.4702442705130731,0.4083467389714605,0.75,0.0,Yes,Yes,0.0,0.5512038818286034
P1062,0.10344827586206895,Male,1.0,Rural,Divorced,0.5714285714285714,0.3572250454669531,0.09340332164822229,0.6057675223284784,0.7213209057354103,0.25,0.4,No,No,0.0,1.2927494771639818
P1063,0.8275862068965516,Female,1.0,Urban,Single,0.14285714285714285,0.6232629391934689,0.5216576794515145,0.7342156827652206,0.5153414145825501,0.25,0.2,Yes,No,0.0,0.6581985574396929
P1064,0.9310344827586206,Male,0.6666666666666666,Urban,Widowed,0.42857142857142855,0.6111940029123965,0.3935114177819178,0.5380695748897777,0.627030450842208,1.0,0.0,No,Yes,0.0,1.0556018794136366
P1065,0.4482758620689653,Female,0.6666666666666666,Rural,Married,0.0,0.2790507621832239,0.3160126609387731,0.7248397782763365,0.6552106766153138,0.5,0.1,Yes,Yes,0.0,0.6552106766153138
P1066,0.5862068965517238,Female,0.6666666666666666,Rural,Single,0.14285714285714285,0.08533738886539921,0.2877567200219423,0.6159392713638181,0.3113372993307899,0.5,0.9,No,Yes,0.0,0.45419444218793276
P1067,0.8620689655172411,Male,0.3333333333333333,Urban,Married,0.42857142857142855,0.09944658716161336,0.014376029837324555,0.5562307453098194,0.8261941289420188,1.0,0.4,No,No,0.0,1.2547655575134473
P1068,0.2758620689655169,Female,0.6666666666666666,Rural,Divorced,0.2857142857142857,0.28188974934071565,0.4796361143760447,0.2769730947035796,0.0,0.75,1.0,Yes,No,0.0,0.2857142857142857
P1069,0.8620689655172411,Female,0.6666666666666666,Urban,Widowed,0.42857142857142855,0.7316057375929236,0.12384422257393657,0.6526010484367233,0.0,0.0,0.2,No,No,0.0,0.42857142857142855
P1070,0.6896551724137931,Female,0.6666666666666666,Urban,Married,0.14285714285714285,0.3482396541795766,0.2276007608985985,0.8463775026355205,0.23730527850440927,0.0,0.5,Yes,Yes,0.0,0.3801624213615521
P1071,0.0344827586206895,Female,0.6666666666666666,Rural,Widowed,0.14285714285714285,0.44087399167890895,0.4396335699187811,0.4305748939945038,0.2990952317139035,0.75,0.8,Yes,No,0.0,0.44195237457104636
P1072,0.6551724137931032,Male,0.3333333333333333,Urban,Married,0.2857142857142857,0.6338894777005649,0.03333898719107142,0.14565790281395014,0.488175328580396,1.0,0.5,Yes,No,0.0,0.7738896142946816
P1073,0.9310344827586206,Female,0.0,Urban,Divorced,0.2857142857142857,0.4350535605186149,0.12349201039732738,0.540406799394582,0.23508488916227735,0.25,0.1,No,No,0.0,0.520799174876563
P1074,0.4827586206896548,Male,0.0,Rural,Divorced,0.2857142857142857,0.4293151730867958,0.5852113925715526,0.9783966115674403,0.39807358389794956,0.5,0.1,No,Yes,0.0,0.6837878696122353
P1075,0.9310344827586206,Female,0.3333333333333333,Rural,Widowed,0.5714285714285714,0.5204438656575244,0.3858288871950418,0.9070901453628399,0.35159069356832867,0.25,0.7000000000000001,No,No,0.0,0.9230192649969
P1076,0.2068965517241379,Female,0.6666666666666666,Urban,Divorced,0.14285714285714285,0.4648282925849979,0.24323611506829568,0.4779373974960744,0.883143729802691,0.5,1.0,Yes,No,0.0,1.0260008726598338
P1077,0.37931034482758585,Male,0.6666666666666666,Rural,Single,0.2857142857142857,0.4000888158327526,0.386544755327911,0.7259788252980779,0.2072922101603783,0.25,0.7000000000000001,Yes,No,0.0,0.493006495874664
P1078,0.96551724137931,Female,0.6666666666666666,Rural,Married,0.2857142857142857,0.2964251094670931,0.4853593340926795,0.7638157696723691,0.0,1.0,0.5,No,No,0.0,0.2857142857142857
P1079,0.2413793103448274,Female,0.3333333333333333,Rural,Divorced,0.2857142857142857,0.42974814847757614,0.5681396165886684,0.9737439312001159,0.6701323831130925,1.0,0.9,Yes,No,0.0,0.9558466688273782
P1080,0.4827586206896548,Female,0.6666666666666666,Rural,Single,0.2857142857142857,0.5990666328471902,0.16137542266185678,0.24566397500712606,0.22918816673583234,0.75,0.6000000000000001,Yes,Yes,0.0,0.514902452450118
P1081,0.068965517241379,Male,0.3333333333333333,Urban,Widowed,0.2857142857142857,0.7136674311664536,0.17730215219778578,0.36100914383040456,0.37888979689121133,0.25,0.0,No,Yes,0.0,0.6646040826054971
P1082,0.4482758620689653,Female,0.3333333333333333,Urban,Single,0.2857142857142857,0.4653794402614849,0.4742442361234048,0.13572531856229247,0.24549389271231908,0.25,0.8,No,Yes,0.0,0.5312081784266047
P1083,0.5517241379310343,Male,0.6666666666666666,Urban,Widowed,0.14285714285714285,0.5425268558493289,0.48007501245456374,0.4544861944855883,0.5782790760116552,0.75,0.4,Yes,Yes,0.0,0.721136218868798
P1084,0.10344827586206895,Female,1.0,Rural,Widowed,0.14285714285714285,0.4616217845271352,0.11927836695088778,0.8722188792586405,0.07033914294587967,0.75,0.8,Yes,No,0.0,0.21319628580302252
P1085,0.5862068965517238,Male,0.3333333333333333,Rural,Married,0.42857142857142855,0.40211177259939956,0.18412533172930956,0.4829038529840593,0.0,1.0,0.1,No,No,0.0,0.42857142857142855
P1086,0.2413793103448274,Male,0.0,Rural,Married,0.14285714285714285,0.5023761797687806,0.3284095816615539,0.30369961137199325,0.7126439812264838,1.0,0.7000000000000001,No,Yes,0.0,0.8555011240836266
P1087,0.10344827586206895,Female,0.0,Rural,Single,0.2857142857142857,0.6148888057187473,0.36792295353282023,0.6711789985756347,0.46047340037733875,0.25,0.6000000000000001,Yes,Yes,0.0,0.7461876860916244
P1088,0.0344827586206895,Female,0.0,Rural,Married,0.42857142857142855,0.26893969399680917,0.37307815950991474,0.6773400472540283,0.658980822586415,1.0,1.0,Yes,Yes,0.0,1.0875522511578435
P1089,1.0,Male,0.6666666666666666,Rural,Married,0.42857142857142855,0.17476721628118186,0.11648658060319295,0.3734064068315805,0.704584034485956,1.0,0.30000000000000004,Yes,No,0.0,1.1331554630573846
P1090,0.17241379310344795,Male,0.3333333333333333,Rural,Married,0.7142857142857142,0.3278319583939223,0.3712414128188163,0.49575470540979977,0.18047154792281783,0.25,0.2,No,No,0.0,0.894757262208532
P1091,0.7241379310344827,Female,0.6666666666666666,Urban,Single,0.14285714285714285,0.45194365721661744,0.23320532820537399,0.6529681680538657,0.41553456557572954,0.75,0.30000000000000004,Yes,No,0.0,0.5583917084328724
P1092,0.31034482758620685,Male,0.3333333333333333,Urban,Divorced,0.42857142857142855,0.5616452696035387,0.1515786133472129,0.7955256867428431,0.5225192184669206,0.25,0.30000000000000004,Yes,Yes,0.0,0.9510906470383491
P1093,0.10344827586206895,Female,0.0,Rural,Married,0.2857142857142857,0.25174869585741866,0.36163708210702394,0.46155810329832986,0.3748895035054562,0.0,0.9,Yes,Yes,0.0,0.6606037892197418
P1094,0.7241379310344827,Female,0.3333333333333333,Rural,Married,0.42857142857142855,0.0019039128958648899,0.3430920673295125,0.4270556692149898,0.32584824347881386,0.25,0.9,Yes,Yes,0.0,0.7544196720502424
P1095,0.96551724137931,Female,0.3333333333333333,Rural,Single,0.14285714285714285,0.3317585572214974,0.5093987705919959,1.0,0.349543847636385,0.0,0.7000000000000001,Yes,No,0.0,0.49240099049352787
P1096,0.5862068965517238,Female,0.3333333333333333,Urban,Divorced,0.14285714285714285,0.3843476290569606,0.20709666049755338,0.5513065951848957,0.6616026030486161,0.25,0.30000000000000004,Yes,No,0.0,0.804459745905759
P1097,0.8620689655172411,Male,0.3333333333333333,Urban,Married,0.5714285714285714,0.22295441943142702,0.4063946249051963,0.6766374394728492,0.33863160233110606,0.0,0.4,No,Yes,0.0,0.9100601737596774
P1098,0.37931034482758585,Female,1.0,Rural,Widowed,0.0,0.29065151186378135,0.07842269301298366,0.7721524059529736,0.5453345872619885,0.0,0.1,No,Yes,0.0,0.5453345872619885
P1099,0.0344827586206895,Male,0.0,Rural,Single,0.5714285714285714,0.5612139016811662,0.3136626041431775,0.18908636288015096,0.48439079589486583,0.25,0.30000000000000004,No,No,0.0,1.0558193673234373
P1100,0.31034482758620685,Female,1.0,Urban,Married,0.2857142857142857,0.4296866782660166,0.44794142454466457,0.6124801449865873,0.16899258497516276,1.0,0.6000000000000001,Yes,No,0.0,0.4547068706894485
P1101,1.0,Male,0.3333333333333333,Urban,Married,0.14285714285714285,0.47427035310155297,0.4632765867489329,0.22288628251735892,0.4735838442132809,0.5,0.2,No,Yes,0.0,0.6164409870704237
P1102,0.10344827586206895,Female,1.0,Urban,Widowed,0.0,0.35738629473157524,0.4645152356306622,0.5856042921256162,0.030791187661889406,1.0,0.0,Yes,Yes,0.0,0.030791187661889406
P1103,0.4482758620689653,Male,0.6666666666666666,Urban,Widowed,0.42857142857142855,0.29098159817361235,0.5098865085909695,0.9456796242837566,0.49751128439565634,0.0,0.7000000000000001,Yes,No,0.0,0.9260827129670849
P1104,0.5172413793103448,Male,0.6666666666666666,Rural,Single,0.14285714285714285,0.3561836284293093,0.28258366657227996,0.377855239327298,0.6153118268865321,0.25,0.7000000000000001,Yes,Yes,0.0,0.7581689697436749
P1105,0.4827586206896548,Female,0.6666666666666666,Urban,Single,0.14285714285714285,0.4998133656966154,0.4537682615314479,0.21792943782922608,0.6707130567174745,0.25,0.5,Yes,Yes,0.0,0.8135701995746174
P1106,0.2413793103448274,Female,0.6666666666666666,Urban,Widowed,0.2857142857142857,0.16811329810979725,0.7034081386439314,1.0,0.17175735943752005,0.25,0.6000000000000001,Yes,No,0.0,0.4574716451518057
P1107,0.4482758620689653,Female,0.6666666666666666,Rural,Single,0.0,0.6916950433053352,0.27870315461712203,0.3422789835961328,0.2719611235008941,0.25,0.9,No,Yes,0.0,0.2719611235008941
P1108,0.7586206896551722,Female,0.6666666666666666,Urban,Widowed,0.7142857142857142,0.5124764159470675,0.6145814574360057,0.25811499457944614,0.4692767106255216,0.5,1.0,No,No,0.0,1.1835624249112358
P1109,0.9310344827586206,Male,0.6666666666666666,Urban,Married,0.42857142857142855,0.3273533159515475,0.522995082825764,1.0,0.2864501413571059,0.75,0.1,No,Yes,0.0,0.7150215699285345
P1110,0.8275862068965516,Female,0.0,Urban,Widowed,0.0,0.5522345196477499,0.3152139213922095,0.3328424884804529,0.0,0.0,0.4,Yes,No,0.0,0.0
P1111,1.0,Male,0.3333333333333333,Rural,Widowed,0.42857142857142855,0.6203915111788513,0.33038627251316177,1.0,0.27062781860989593,0.5,0.6000000000000001,No,Yes,0.0,0.6991992471813244
P1112,0.2413793103448274,Male,0.6666666666666666,Urban,Divorced,0.14285714285714285,0.36161032506626023,0.3851640653940399,0.6825408892237077,0.4683472733751398,1.0,0.8,Yes,Yes,0.0,0.6112044162322827
P1113,0.6896551724137931,Female,0.6666666666666666,Rural,Widowed,0.0,0.380569201705823,0.512757271642109,0.924330634753838,0.6577500702761567,0.75,0.0,No,Yes,0.0,0.6577500702761567
P1114,0.5172413793103448,Male,0.6666666666666666,Rural,Widowed,0.14285714285714285,0.6655790355788341,0.43684266027882057,0.661465405642703,0.8073042115371682,0.75,0.2,No,No,0.0,0.950161354394311
P1115,0.4137931034482758,Male,0.6666666666666666,Urban,Divorced,0.14285714285714285,0.7698291911530163,0.27727316414214853,0.8754264408591967,0.43099872977921266,0.25,0.5,No,Yes,0.0,0.5738558726363555
P1116,0.5862068965517238,Male,1.0,Urban,Single,0.14285714285714285,0.4215726095946847,0.0,0.39701410870473025,0.537219150575686,0.5,0.6000000000000001,No,Yes,0.0,0.6800762934328288
P1117,0.4827586206896548,Male,0.3333333333333333,Urban,Divorced,0.0,0.22363094215183754,0.48584981071251276,0.4700026366743943,0.6320711824683289,1.0,0.5,No,No,0.0,0.6320711824683289
P1118,0.6896551724137931,Female,0.3333333333333333,Urban,Married,0.14285714285714285,0.33823297417924036,0.01227314090114684,0.11040439816443465,0.0,0.25,0.0,No,Yes,0.0,0.14285714285714285
P1119,0.7931034482758621,Female,0.3333333333333333,Rural,Divorced,0.2857142857142857,0.5888359574115335,0.11527641691816448,0.8495872133013211,0.15575358166532402,0.25,0.30000000000000004,Yes,No,0.0,0.44146786737960975
P1120,0.8620689655172411,Female,0.3333333333333333,Urban,Married,0.5714285714285714,0.2449641173310344,0.290458691872422,0.7173724455897983,0.4256135431782881,0.0,0.5,Yes,No,0.0,0.9970421146068595
P1121,0.8275862068965516,Female,1.0,Urban,Single,0.42857142857142855,0.3819528000401634,0.1428948000601744,0.37573479794229697,0.7752457224286735,0.75,0.7000000000000001,Yes,No,0.0,1.2038171510001021
P1122,0.9310344827586206,Male,0.3333333333333333,Urban,Divorced,0.14285714285714285,0.4654308135719384,0.4213688050551804,0.1981807736731271,0.5524387591596948,1.0,0.9,Yes,Yes,0.0,0.6952959020168377
P1123,0.9310344827586206,Male,0.6666666666666666,Rural,Divorced,0.42857142857142855,0.262880885598722,0.3097839637059522,0.6843898250608655,0.4802547236728558,0.75,0.30000000000000004,Yes,No,0.0,0.9088261522442844
P1124,0.9310344827586206,Female,0.3333333333333333,Urban,Single,0.14285714285714285,0.5994057603126796,0.506405632804083,1.0,0.3460650810246253,0.5,0.6000000000000001,No,Yes,0.0,0.48892222388176815
P1125,0.4137931034482758,Female,0.6666666666666666,Urban,Married,0.2857142857142857,0.5323279192007292,0.07132408486896835,0.583884370989221,0.5036122134492743,0.0,1.0,Yes,No,0.0,0.78932649916356
P1126,0.2758620689655169,Female,0.6666666666666666,Rural,Divorced,0.2857142857142857,0.751590984920882,0.24329132432967315,0.45926592382179904,0.2574583284536054,0.25,0.2,Yes,Yes,0.0,0.5431726141678911
P1127,0.96551724137931,Male,0.3333333333333333,Rural,Married,0.2857142857142857,0.5469101493096288,0.36439988678713264,0.39255466206787853,0.21334153478421114,0.0,0.7000000000000001,Yes,No,0.0,0.49905582049849684
P1128,0.4827586206896548,Female,0.6666666666666666,Urban,Divorced,0.14285714285714285,0.256518394072327,0.3714051146374465,0.916044439702097,0.23424472723591577,0.25,0.0,Yes,No,0.0,0.3771018700930586
P1129,0.4137931034482758,Female,0.3333333333333333,Urban,Widowed,0.0,0.505061510151532,0.48982480099576764,0.4303426549108082,0.7234129017233484,0.0,0.30000000000000004,Yes,Yes,0.0,0.7234129017233484
P1130,0.0,Female,0.0,Urban,Divorced,0.42857142857142855,0.5813369455859762,0.1973475308375373,0.5280455271238091,0.19880596015569366,0.25,0.7000000000000001,Yes,No,0.0,0.6273773887271222
P1131,0.8275862068965516,Male,0.3333333333333333,Urban,Single,0.14285714285714285,0.5899131356875577,0.278543584544909,0.8663359878074968,0.305009139905156,0.75,0.9,Yes,Yes,0.0,0.44786628276229884
P1132,0.2068965517241379,Male,0.0,Urban,Single,0.0,0.2871929753515441,0.45588175652370355,0.7695466323587548,0.5142492754078744,0.75,0.30000000000000004,Yes,No,0.0,0.5142492754078744
P1133,0.2758620689655169,Male,0.3333333333333333,Rural,Married,0.2857142857142857,0.2672770496074206,0.0,0.5372083622725345,0.18919955309079287,0.75,0.1,Yes,Yes,0.0,0.47491383880507854
P1134,0.7931034482758621,Male,0.6666666666666666,Rural,Divorced,0.0,0.22672714681516482,0.4336245912531441,0.44956171133707773,0.4553477183828673,0.75,0.1,No,No,0.0,0.4553477183828673
P1135,0.0,Male,0.6666666666666666,Urban,Married,0.14285714285714285,0.6841219990231445,0.5025361119445314,0.9678157467245032,0.4552611828048261,0.0,0.30000000000000004,Yes,No,0.0,0.5981183256619689
P1136,0.37931034482758585,Male,0.6666666666666666,Urban,Married,0.2857142857142857,0.520479803973673,0.12115259587668359,0.3496264149005975,0.25071927492096735,0.25,0.30000000000000004,Yes,Yes,0.0,0.536433560635253
P1137,0.2413793103448274,Male,0.0,Rural,Widowed,0.14285714285714285,0.27979689596521506,0.30635946394817937,0.566567954025736,0.33868740720580437,0.75,0.1,No,No,0.0,0.4815445500629472
P1138,0.7931034482758621,Male,0.6666666666666666,Urban,Widowed,0.7142857142857142,0.4378648231261869,0.635029057546754,0.2563677748059309,0.1739498277801225,0.0,0.6000000000000001,No,Yes,0.0,0.8882355420658367
P1139,0.34482758620689635,Female,0.3333333333333333,Urban,Single,0.42857142857142855,0.3960521144331627,0.4836051450420268,0.90156349855927,0.7335850467305292,0.25,0.5,Yes,Yes,0.0,1.1621564753019578
P1140,0.6206896551724137,Female,0.3333333333333333,Urban,Married,0.14285714285714285,0.2545697551723862,0.44490404963106644,0.5032152736289495,0.46290864613096605,0.0,1.0,Yes,No,0.0,0.605765788988109
P1141,0.5517241379310343,Male,1.0,Urban,Single,0.14285714285714285,0.42269732399276705,0.5438107845680885,0.44940635701971415,0.14867449509895633,0.75,0.2,Yes,No,0.0,0.29153163795609915
P1142,0.2413793103448274,Male,0.0,Urban,Divorced,0.0,0.44844921462007326,0.6917354759295459,0.775336195211626,0.4313283628937329,0.5,0.7000000000000001,No,No,0.0,0.4313283628937329
P1143,0.068965517241379,Female,0.6666666666666666,Rural,Married,0.0,0.7385421824419832,0.3670061945124313,0.2756084354643847,0.44222017725526436,0.0,0.7000000000000001,Yes,Yes,0.0,0.44222017725526436
P1144,0.068965517241379,Male,0.6666666666666666,Urban,Married,0.2857142857142857,0.3073854123722878,0.2896019992323592,0.7690437810804012,0.0,0.75,0.0,No,Yes,0.0,0.2857142857142857
P1145,0.0,Male,0.3333333333333333,Urban,Divorced,0.2857142857142857,0.13176677930077707,0.5433706201770786,0.5305921516856913,0.7234038885365659,1.0,0.2,No,No,0.0,1.0091181742508515
P1146,0.896551724137931,Male,0.3333333333333333,Urban,Divorced,0.5714285714285714,0.2418410441073372,0.32955397528190733,0.32833423804072254,0.16287620845351705,0.25,0.4,No,Yes,0.0,0.7343047798820884
P1147,0.13793103448275845,Female,0.3333333333333333,Rural,Single,0.0,0.2678920960946297,0.19490569854201023,0.37981982726497693,0.903772039440395,0.75,0.1,No,No,0.0,0.903772039440395
P1148,0.31034482758620685,Female,1.0,Rural,Single,0.14285714285714285,0.3455121373278506,0.2654424994568648,0.45309969351707696,0.5922593970497269,1.0,0.4,No,No,0.0,0.7351165399068698
P1149,0.2068965517241379,Female,0.3333333333333333,Rural,Divorced,0.14285714285714285,0.24224937847880967,0.4204235603742511,0.5105997443962615,0.12986556514870592,0.0,1.0,Yes,No,0.0,0.27272270800584875
P1150,0.8620689655172411,Female,0.3333333333333333,Rural,Single,0.14285714285714285,0.5536870009698235,0.28189167228893075,0.32995591420477294,0.3253432016710862,0.0,0.9,Yes,Yes,0.0,0.46820034452822906
P1151,0.2758620689655169,Female,0.3333333333333333,Urban,Divorced,0.2857142857142857,0.23066120616508667,0.2954590459221974,0.6874312344392339,0.6228898409633071,1.0,0.2,No,Yes,0.0,0.9086041266775928
P1152,0.9310344827586206,Male,0.6666666666666666,Rural,Married,0.0,0.42000299471653835,0.1768516700645083,0.3236838930832681,0.3437458715959176,1.0,0.8,No,No,0.0,0.3437458715959176
P1153,0.2068965517241379,Female,0.0,Urban,Married,0.14285714285714285,0.750032030587029,0.6246120938550567,0.050640666165928994,0.6843827230449232,0.25,1.0,No,Yes,0.0,0.8272398659020661
P1154,0.2758620689655169,Male,0.3333333333333333,Urban,Widowed,0.0,0.5089280452939372,0.30134059642045996,1.0,0.3104719444610958,0.0,0.0,No,No,0.0,0.3104719444610958
P1155,0.2413793103448274,Male,0.6666666666666666,Rural,Married,0.42857142857142855,0.4917928352853932,0.23427073261541087,0.6643053061523987,0.3820166673643549,1.0,0.30000000000000004,Yes,No,0.0,0.8105880959357834
P1156,0.37931034482758585,Female,1.0,Rural,Divorced,0.2857142857142857,0.72621936679086,0.2536140351626158,1.0,0.629513029626047,0.5,0.9,No,Yes,0.0,0.9152273153403327
P1157,0.0344827586206895,Female,0.3333333333333333,Rural,Single,0.14285714285714285,0.6242749273728289,0.5095501772658443,0.3670352658492381,0.5460951378753671,0.5,0.5,No,No,0.0,0.6889522807325099
P1158,0.0,Male,0.3333333333333333,Rural,Widowed,0.14285714285714285,0.5108540612254341,0.46785428700057496,0.731792055259419,0.17836390909857638,1.0,0.8,Yes,No,0.0,0.32122105195571926
P1159,0.5172413793103448,Male,0.3333333333333333,Rural,Single,0.2857142857142857,0.36487885834258826,0.27239005379220493,0.8311099282168453,0.5053581112270309,0.25,0.2,Yes,No,0.0,0.7910723969413166
P1160,0.7586206896551722,Male,0.6666666666666666,Urban,Divorced,0.14285714285714285,0.41288518753503445,0.3695114614500764,0.5715813088412065,0.44122278474347953,0.0,0.2,Yes,No,0.0,0.5840799276006223
P1161,0.7586206896551722,Female,0.3333333333333333,Rural,Married,0.0,0.40478268872229883,0.4139462588822701,0.2710749706055224,0.18161008794932454,0.5,0.4,Yes,No,0.0,0.18161008794932454
P1162,1.0,Female,0.6666666666666666,Rural,Widowed,0.7142857142857142,0.34976240873798214,0.23562169227170793,0.5535919537288152,0.06644141263369313,1.0,0.6000000000000001,No,Yes,0.0,0.7807271269194074
P1163,0.7931034482758621,Female,0.6666666666666666,Rural,Divorced,0.5714285714285714,0.4520060853138207,0.08352312956545571,0.7668926571780892,0.0,1.0,0.4,No,Yes,0.0,0.5714285714285714
P1164,0.13793103448275845,Female,0.6666666666666666,Urban,Widowed,0.2857142857142857,0.4751246161746093,0.45727953080568084,0.7577521574626362,0.33011276109033605,0.75,1.0,No,No,0.0,0.6158270468046217
P1165,0.068965517241379,Female,0.3333333333333333,Rural,Widowed,0.0,0.20922858880696227,0.24568469745485888,0.6165260744042556,0.3879486567805989,1.0,0.7000000000000001,No,Yes,0.0,0.3879486567805989
P1166,0.37931034482758585,Male,1.0,Urban,Married,0.42857142857142855,0.6886737499937164,0.44369970006980364,0.8317514129684371,0.5223242595381439,0.25,0.4,No,No,0.0,0.9508956881095725
P1167,0.2413793103448274,Female,0.6666666666666666,Rural,Divorced,0.2857142857142857,0.48496625217888034,0.4220048440450076,0.8204499990739342,0.5983187000203263,0.5,0.6000000000000001,No,No,0.0,0.884032985734612
P1168,0.7241379310344827,Male,0.6666666666666666,Rural,Single,0.8571428571428571,0.3728695063415638,0.37378041841009313,0.4915355876382122,0.30138100597104855,0.75,0.5,No,No,0.0,1.1585238631139056
P1169,0.896551724137931,Male,0.0,Urban,Widowed,0.42857142857142855,0.4535293297882429,0.2861587002200602,0.2528857406473615,0.3809567129974378,0.5,0.9,No,No,0.0,0.8095281415688663
P1170,0.068965517241379,Male,1.0,Rural,Widowed,0.14285714285714285,0.5717281485264335,0.24837668681530556,0.6625111224429312,0.21841911833689764,0.5,0.1,No,Yes,0.0,0.3612762611940405
P1171,0.0,Female,0.0,Urban,Single,0.2857142857142857,0.17221893123568466,0.15665138090250474,0.43815044736792613,0.4219271860382966,0.25,0.2,Yes,Yes,0.0,0.7076414717525823
P1172,0.068965517241379,Female,0.3333333333333333,Urban,Divorced,0.14285714285714285,0.3991565455866256,0.2518640082928928,0.6513333763372258,0.6339294682301452,1.0,1.0,No,No,0.0,0.7767866110872881
P1173,0.13793103448275845,Female,0.0,Urban,Widowed,0.42857142857142855,0.21902403752294475,0.46705727482730686,0.9390728504433903,0.42527209513051945,0.25,1.0,Yes,Yes,0.0,0.8538435237019479
P1174,0.4827586206896548,Male,0.6666666666666666,Rural,Widowed,0.0,0.85950063682927,0.6177864985679987,0.7216636261722753,0.6807954419719827,1.0,0.30000000000000004,Yes,No,0.0,0.6807954419719827
P1175,0.4482758620689653,Male,0.3333333333333333,Rural,Widowed,0.5714285714285714,0.4396976746281024,0.5911089713167853,0.9272752655290808,0.629905541801912,0.75,0.4,Yes,Yes,0.0,1.2013341132304833
P1176,0.068965517241379,Male,0.0,Rural,Divorced,0.42857142857142855,0.22037572540008232,0.3900769120317963,0.37473993463884664,0.7516109804879942,0.25,0.8,Yes,No,0.0,1.1801824090594228
P1177,0.0,Male,0.0,Urban,Divorced,0.14285714285714285,1.0,0.6176898292148431,0.8772828117574396,0.43202945161210454,0.25,0.5,No,No,0.0,0.5748865944692474
P1178,0.13793103448275845,Male,0.0,Rural,Single,0.2857142857142857,0.327330236869935,0.307851340388949,1.0,0.27285696056709685,0.0,0.0,Yes,No,0.0,0.5585712462813825
P1179,0.8620689655172411,Male,0.6666666666666666,Urban,Divorced,0.0,0.38182001365396523,0.12890060317907814,0.6323164659034894,0.5503874159179841,0.25,0.2,Yes,Yes,0.0,0.5503874159179841
P1180,0.7586206896551722,Female,0.6666666666666666,Rural,Divorced,0.8571428571428571,0.3938669600024397,0.7128862580382317,1.0,0.31123352597729853,0.0,0.6000000000000001,No,Yes,0.0,1.1683763831201557
P1181,0.4482758620689653,Female,0.3333333333333333,Urban,Married,0.42857142857142855,0.27534115723849406,0.4605105975375944,0.41162340238364464,0.5428380508677723,1.0,0.7000000000000001,Yes,No,0.0,0.9714094794392008
P1182,0.2068965517241379,Female,0.3333333333333333,Urban,Single,0.14285714285714285,0.45789200291602394,0.08461259081092365,0.46396161624775406,0.24149382174978445,1.0,0.6000000000000001,No,Yes,0.0,0.3843509646069273
P1183,0.896551724137931,Female,0.6666666666666666,Urban,Widowed,0.0,0.04820997227332913,0.6470997415704295,0.7725284493469322,0.20165573909315668,1.0,0.4,No,Yes,0.0,0.20165573909315668
P1184,0.2758620689655169,Male,0.0,Rural,Divorced,0.42857142857142855,0.5976497304795486,0.22846863907113024,0.6299565579327031,0.6935743651145688,0.0,0.9,No,Yes,0.0,1.1221457936859973
P1185,0.4827586206896548,Male,0.3333333333333333,Urban,Widowed,0.0,0.2286991882104633,0.26802140768633953,0.4390435677658066,0.1573513290165163,1.0,0.7000000000000001,No,Yes,0.0,0.1573513290165163
P1186,0.4827586206896548,Female,1.0,Urban,Widowed,0.2857142857142857,0.3474464129482814,0.5493423889242189,0.7651465468241534,0.6468571837590634,0.5,0.8,Yes,Yes,0.0,0.9325714694733491
P1187,0.8620689655172411,Male,0.6666666666666666,Urban,Married,0.2857142857142857,0.5419199456143605,0.6112194752103081,0.7020424226868862,0.5419189337495376,0.25,0.6000000000000001,No,Yes,0.0,0.8276332194638233
P1188,0.31034482758620685,Female,0.3333333333333333,Urban,Divorced,0.42857142857142855,0.3825898302823142,0.18168381301067948,0.47654525333338177,0.4236253656869184,0.0,1.0,Yes,Yes,0.0,0.8521967942583469
P1189,0.9310344827586206,Female,0.6666666666666666,Urban,Single,0.2857142857142857,0.38940870881706224,0.6310892294594145,0.662180166135196,0.0,1.0,0.8,Yes,Yes,0.0,0.2857142857142857
P1190,0.4137931034482758,Female,0.3333333333333333,Urban,Divorced,0.2857142857142857,0.2479870928783715,0.5225885084380802,0.7986475875736505,0.7583374715790143,0.5,0.0,No,Yes,0.0,1.0440517572933001
P1191,0.6206896551724137,Male,0.6666666666666666,Rural,Widowed,0.2857142857142857,0.7659413695784084,0.21822748873842912,0.47123424632426963,0.1760515481585587,0.25,0.8,Yes,Yes,0.0,0.4617658338728444
P1192,0.2068965517241379,Female,0.0,Rural,Single,0.42857142857142855,0.5052470637010985,0.3189261337666357,0.7406990203076647,0.6302355869580729,0.25,0.2,No,Yes,0.0,1.0588070155295015
P1193,0.5517241379310343,Female,0.0,Urban,Divorced,0.2857142857142857,0.23620250862180558,0.6392974357406468,0.4093220215265219,0.2347249412505129,1.0,0.5,Yes,Yes,0.0,0.5204392269647986
P1194,0.6551724137931032,Female,0.0,Rural,Widowed,0.14285714285714285,0.44636374100964205,0.07989789043485562,0.45558392582064794,0.21542628224903124,0.5,0.7000000000000001,Yes,Yes,0.0,0.35828342510617406
P1195,0.96551724137931,Male,1.0,Rural,Widowed,0.2857142857142857,0.22442200089144837,0.6146753410713127,0.8830605741847095,0.5617859816972857,0.0,0.2,Yes,No,0.0,0.8475002674115714
P1196,0.10344827586206895,Male,0.6666666666666666,Urban,Married,0.42857142857142855,0.7037357156649081,0.5175285686975498,0.7638637461431239,0.53047626187044,1.0,0.30000000000000004,Yes,No,0.0,0.9590476904418685
P1197,1.0,Female,0.0,Urban,Married,0.2857142857142857,0.44993966011809106,0.45620741132194553,0.165155232150569,0.12547098042847435,0.25,0.6000000000000001,No,Yes,0.0,0.4111852661427601
P1198,0.13793103448275845,Male,0.0,Urban,Married,0.0,0.2540755786821557,0.3875810342856377,0.5273163446980607,0.7465738704028659,0.25,0.6000000000000001,No,Yes,0.0,0.7465738704028659
P1199,0.7586206896551722,Male,0.6666666666666666,Rural,Widowed,0.42857142857142855,0.5329317892706528,0.7218432695386324,0.7341628807474068,0.3513734656137876,0.25,0.30000000000000004,Yes,Yes,0.0,0.7799448941852161
P1200,0.2068965517241379,Male,0.0,Urban,Divorced,0.42857142857142855,0.37032072132528093,0.7487133819463457,0.650164255782252,0.41752251047229416,1.0,0.8,Yes,No,0.0,0.8460939390437228
P1201,0.4137931034482758,Male,0.3333333333333333,Rural,Married,0.2857142857142857,0.20196189074625326,0.2517764090876994,0.7649311024390764,0.3294744139479627,0.75,0.2,Yes,No,0.0,0.6151886996622484
P1202,0.4827586206896548,Male,1.0,Urban,Divorced,0.14285714285714285,0.4801743889833684,0.47494632495121214,0.644685207199202,0.13565494768526945,0.75,0.7000000000000001,Yes,Yes,0.0,0.2785120905424123
P1203,0.34482758620689635,Male,0.3333333333333333,Rural,Married,0.8571428571428571,0.47547363902298223,0.7044320903959692,0.5851684802836441,0.5778095816521878,0.75,0.7000000000000001,No,Yes,0.0,1.4349524387950447
P1204,0.96551724137931,Male,0.6666666666666666,Urban,Single,0.8571428571428571,0.606288938761233,0.2209009852727254,0.5778505076444553,0.47059632393703693,0.5,0.30000000000000004,Yes,Yes,0.0,1.327739181079894
P1205,0.10344827586206895,Male,1.0,Urban,Single,0.42857142857142855,0.4274172594862996,0.40784355896579594,0.8781743379691687,0.20726594408548743,1.0,0.6000000000000001,Yes,Yes,0.0,0.635837372656916
P1206,0.4137931034482758,Male,0.3333333333333333,Rural,Married,0.42857142857142855,0.4345100478264253,0.5461591713240893,0.7833036529235671,0.6280656255268938,0.25,0.30000000000000004,Yes,Yes,0.0,1.0566370540983223
P1207,0.2068965517241379,Male,0.0,Rural,Widowed,0.2857142857142857,0.44335550609086416,0.0,0.7138228037978631,0.4141325424235644,0.5,0.0,No,No,0.0,0.69984682813785
P1208,0.896551724137931,Female,0.3333333333333333,Rural,Married,0.0,0.6825471657511716,0.5142827688541617,0.6381850952915273,0.41931431847686956,0.75,0.0,Yes,Yes,0.0,0.41931431847686956
P1209,0.6206896551724137,Female,1.0,Rural,Married,0.14285714285714285,0.36498774612098817,0.16573963210720033,0.48551372486256567,0.8283079394565741,0.0,0.0,No,No,0.0,0.971165082313717
P1210,0.7241379310344827,Male,1.0,Rural,Widowed,0.14285714285714285,0.49490916146762165,0.39860570271921236,0.5434707478046858,0.01411316366111922,0.5,0.1,No,Yes,0.0,0.15697030651826208
P1211,0.9310344827586206,Female,0.6666666666666666,Rural,Single,0.0,0.5194575753359353,0.5716990637985125,0.8718275486588045,0.010936722464598638,0.5,0.5,Yes,Yes,0.0,0.010936722464598638
P1212,0.0344827586206895,Female,0.0,Urban,Divorced,0.5714285714285714,0.4749627532051267,0.0,0.849280989553221,0.06511155502136043,1.0,0.9,Yes,No,0.0,0.6365401264499319
P1213,0.31034482758620685,Male,0.6666666666666666,Rural,Married,0.42857142857142855,0.3586825656567384,0.5065197977716175,0.46162993724348794,0.48841794785068204,0.5,1.0,Yes,No,0.0,0.9169893764221106
P1214,0.4137931034482758,Male,1.0,Urban,Widowed,0.42857142857142855,0.4367673345512505,0.7342416335692418,0.6408395677832217,0.3145676080369021,1.0,0.4,No,Yes,0.0,0.7431390366083306
P1215,1.0,Male,0.6666666666666666,Urban,Married,0.14285714285714285,0.40105703976119156,0.2666725455152973,0.7362627910843236,0.333691790328425,0.0,1.0,No,No,0.0,0.47654893318556785
P1216,0.8275862068965516,Female,1.0,Rural,Widowed,0.2857142857142857,0.7432017266853005,0.4684891175971132,0.7206322672286092,0.17422885325059304,0.25,0.1,Yes,Yes,0.0,0.4599431389648787
P1217,0.6896551724137931,Female,1.0,Urban,Divorced,0.2857142857142857,0.3403727024281157,0.6064156964907977,0.7187882617090533,0.8015409561109191,0.25,0.7000000000000001,No,No,0.0,1.0872552418252048
P1218,0.17241379310344795,Male,0.6666666666666666,Rural,Divorced,0.14285714285714285,0.2645702456246287,0.0740099912345501,0.3506547216859685,0.8823144816149519,0.75,0.8,Yes,No,0.0,1.0251716244720948
P1219,0.9310344827586206,Male,0.6666666666666666,Rural,Single,0.2857142857142857,0.4156330514278207,0.5013399560970461,0.33643050898642385,0.6171851927185121,0.75,0.6000000000000001,Yes,Yes,0.0,0.9028994784327978
P1220,0.9310344827586206,Male,0.3333333333333333,Urban,Widowed,0.0,0.40388363376188796,0.549775678654142,0.8970928043349748,0.03834139869466912,0.0,0.8,Yes,Yes,0.0,0.03834139869466912
P1221,0.37931034482758585,Female,0.0,Urban,Widowed,0.14285714285714285,0.44947392002810516,0.47974913089759397,0.9782181313196625,0.28381065732377564,0.25,0.30000000000000004,Yes,No,0.0,0.4266678001809185
P1222,0.37931034482758585,Female,0.6666666666666666,Rural,Single,0.0,0.34042556629977805,0.379385944037295,0.2621991148236868,0.5999984448035038,0.75,0.6000000000000001,Yes,Yes,0.0,0.5999984448035038
P1223,0.6551724137931032,Female,0.3333333333333333,Rural,Single,0.14285714285714285,0.4350622466554793,0.18174313058070413,0.6102694690441282,0.38991581350445276,0.5,0.4,Yes,No,0.0,0.5327729563615956
P1224,1.0,Female,1.0,Urban,Widowed,0.42857142857142855,0.43826783982853523,0.6166224279156806,0.8118221517016453,0.6179828761867576,1.0,0.4,No,No,0.0,1.0465543047581862
P1225,1.0,Male,1.0,Urban,Single,0.2857142857142857,0.5676649482266677,0.3699097391330287,0.08927084369775778,0.7011207244684221,0.75,0.2,No,Yes,0.0,0.9868350101827078
P1226,0.34482758620689635,Male,0.6666666666666666,Urban,Divorced,0.42857142857142855,0.432167730618192,0.1992944704320735,0.35992941502964243,0.8597441866656106,0.0,0.8,No,No,0.0,1.2883156152370392
P1227,0.8620689655172411,Male,0.0,Urban,Married,0.2857142857142857,0.43374583843859826,0.3058134853791693,0.5948415070079092,0.24340345789141754,0.25,0.9,Yes,Yes,0.0,0.5291177436057033
P1228,0.7586206896551722,Male,0.3333333333333333,Rural,Divorced,0.14285714285714285,0.5027243966180862,0.4306155438790321,0.4739206540421195,0.4204949919847081,0.0,0.4,Yes,Yes,0.0,0.5633521348418509
P1229,0.9310344827586206,Female,0.0,Rural,Single,0.42857142857142855,0.5612758438635862,0.07978455329377998,0.6669907134479109,0.29490874766777103,1.0,0.5,Yes,No,0.0,0.7234801762391996
P1230,0.8275862068965516,Female,0.6666666666666666,Rural,Widowed,0.14285714285714285,0.25272070206223674,0.3668964277425667,0.9689898364121301,0.0,1.0,0.2,No,Yes,0.0,0.14285714285714285
P1231,0.2068965517241379,Male,0.6666666666666666,Rural,Widowed,0.2857142857142857,0.20794657335552968,0.2878405059894563,0.41273280984229405,0.5697177806207457,0.0,0.9,Yes,No,0.0,0.8554320663350314
P1232,1.0,Male,1.0,Urban,Divorced,0.42857142857142855,0.699246604897302,0.6065502693392709,0.6289527214068804,0.5364847830988634,0.75,0.6000000000000001,No,No,0.0,0.9650562116702919
P1233,0.0,Female,0.3333333333333333,Urban,Widowed,0.2857142857142857,0.5340125729880264,0.022747164129503727,0.5343623372066262,0.26939380019668846,0.75,0.8,Yes,Yes,0.0,0.5551080859109742
P1234,0.0,Male,1.0,Rural,Single,0.14285714285714285,0.3801022272784328,0.5343195713640879,0.6495656130356435,0.01650540847087792,0.25,0.8,No,Yes,0.0,0.15936255132802077
P1235,0.8275862068965516,Female,1.0,Rural,Divorced,0.5714285714285714,0.41995032277218847,0.6212899682913663,0.6183047169914184,0.3085343299530972,0.25,0.9,Yes,No,0.0,0.8799629013816685
P1236,0.896551724137931,Male,0.3333333333333333,Rural,Widowed,0.14285714285714285,0.3512397177783625,0.02962024779129757,1.0,0.576823795165941,0.5,0.9,Yes,Yes,0.0,0.7196809380230837
P1237,1.0,Male,1.0,Rural,Married,0.2857142857142857,0.45188012074025863,0.0514213662168953,0.9735618076496586,0.7226554530724018,0.5,0.4,No,No,0.0,1.0083697387866875
P1238,0.8275862068965516,Male,0.3333333333333333,Rural,Married,0.0,0.2546938017658853,0.688345463012087,0.23839657853412205,0.22951964137123715,0.25,0.6000000000000001,No,No,0.0,0.22951964137123715
P1239,0.6551724137931032,Male,0.3333333333333333,Rural,Single,0.0,0.5566944975149876,0.19920508207219412,0.4013989981085196,0.667413071638246,0.5,0.2,No,No,0.0,0.667413071638246
P1240,0.4137931034482758,Male,0.6666666666666666,Rural,Widowed,0.14285714285714285,0.4459088997714168,0.9263325673615365,0.43067559469223043,0.5506850887697525,0.0,0.5,Yes,No,0.0,0.6935422316268953
P1241,0.2758620689655169,Male,0.3333333333333333,Rural,Single,0.42857142857142855,0.4519378493388918,0.035301811723605914,0.32139652247456957,0.5003501477241078,0.75,0.7000000000000001,No,No,0.0,0.9289215762955363
P1242,0.068965517241379,Male,0.6666666666666666,Rural,Divorced,0.14285714285714285,0.2676762695535796,0.39455407363402173,0.2892922891222984,0.08975808383684843,0.5,0.7000000000000001,No,Yes,0.0,0.23261522669399126
P1243,0.2068965517241379,Female,0.6666666666666666,Urban,Married,0.14285714285714285,0.5040445161287727,0.35938295686314226,0.574210182859582,0.10021221289346506,0.5,0.1,Yes,No,0.0,0.2430693557506079
P1244,0.17241379310344795,Female,0.6666666666666666,Rural,Divorced,0.0,0.2715047261423267,0.3257825877154622,0.439814468934767,0.2010831690029443,0.0,0.5,Yes,No,0.0,0.2010831690029443
P1245,0.2413793103448274,Female,0.3333333333333333,Urban,Widowed,0.2857142857142857,0.30130819001520237,0.4478113383101422,0.40363551343977094,0.32242349586569724,1.0,0.6000000000000001,No,No,0.0,0.6081377815799829
P1246,0.896551724137931,Female,0.6666666666666666,Urban,Single,0.14285714285714285,0.43127032057362535,0.4582993499507394,1.0,0.8341361849863969,0.25,0.6000000000000001,Yes,No,0.0,0.9769933278435396
P1247,0.2758620689655169,Female,0.6666666666666666,Rural,Single,0.2857142857142857,0.8345553166026086,0.3331529122492539,0.45628946123548103,0.241630512021235,0.0,0.2,No,No,0.0,0.5273447977355207
P1248,1.0,Male,0.6666666666666666,Rural,Single,0.14285714285714285,0.4452443555591349,0.1792411011223145,0.5108094703474311,0.5864763851935079,1.0,0.8,No,No,0.0,0.7293335280506508
P1249,0.13793103448275845,Male,0.3333333333333333,Urban,Divorced,0.14285714285714285,0.0,0.5541382480438873,0.7944410778710882,0.28913521895824995,0.0,0.1,No,Yes,0.0,0.4319923618153928
P1250,0.0,Female,0.0,Urban,Married,0.5714285714285714,0.3095831027732082,0.4778277569241519,0.510004815769743,0.5146572921855262,0.75,1.0,Yes,Yes,0.0,1.0860858636140978
P1251,0.6206896551724137,Male,0.6666666666666666,Rural,Divorced,0.2857142857142857,0.530621518703429,0.3844697619301952,0.33782172114082926,0.385789696095345,0.0,0.2,No,No,0.0,0.6715039818096307
P1252,0.31034482758620685,Female,0.0,Urban,Divorced,0.0,0.22858984250264602,0.4720668149849746,0.5551581520120499,0.44352619361598666,0.0,1.0,No,No,0.0,0.44352619361598666
P1253,0.37931034482758585,Female,0.6666666666666666,Rural,Widowed,0.14285714285714285,0.5551837401909433,0.503443900016569,1.0,0.4898568991100097,0.75,0.1,Yes,No,0.0,0.6327140419671525
P1254,0.7931034482758621,Male,0.6666666666666666,Rural,Widowed,0.2857142857142857,0.44313676246083833,0.22513962845794178,0.5016455356469194,0.3409301689754355,0.25,1.0,No,Yes,0.0,0.6266444546897212
P1255,0.4827586206896548,Male,0.6666666666666666,Rural,Widowed,0.5714285714285714,0.5818878654317962,0.4655782497239648,0.3986139839926804,0.49102345494377897,1.0,0.8,No,No,0.0,1.0624520263723505
P1256,0.896551724137931,Male,0.6666666666666666,Urban,Married,0.14285714285714285,0.3235243151248338,0.2630844135421194,0.7175307041787964,0.6977769885242697,0.5,0.30000000000000004,No,No,0.0,0.8406341313814125
P1257,0.7241379310344827,Female,1.0,Urban,Married,0.0,0.3105360141778807,0.509460610288509,0.5436716697317923,0.21952737598558894,0.25,0.1,Yes,No,0.0,0.21952737598558894
P1258,0.7931034482758621,Male,1.0,Rural,Widowed,0.42857142857142855,0.5108308597140853,0.3286546206503219,1.0,0.6862178660725664,0.0,0.2,No,No,0.0,1.114789294643995
P1259,0.2758620689655169,Female,1.0,Urban,Widowed,0.14285714285714285,0.4154119375046402,0.47485810430576725,0.428511243523326,0.33714231348960755,0.5,0.30000000000000004,Yes,No,0.0,0.4799994563467504
P1260,0.6551724137931032,Female,1.0,Urban,Married,0.7142857142857142,0.40532953136895433,0.2847644909619048,1.0,0.31169317153998055,0.75,0.9,Yes,No,0.0,1.0259788858256949
P1261,0.5517241379310343,Female,0.0,Urban,Single,0.2857142857142857,0.6781616448248439,0.4843095338068496,0.8954634539131914,0.5692298270112576,0.25,0.5,No,Yes,0.0,0.8549441127255433
P1262,1.0,Male,0.0,Urban,Married,0.8571428571428571,0.5173568211769642,0.18567832197890766,0.5256114585872882,0.31886995858844114,1.0,0.4,No,No,0.0,1.1760128157312981
P1263,0.5517241379310343,Male,0.6666666666666666,Urban,Married,0.0,0.08501283888404532,0.37021252361153845,0.6160743508128301,0.47772149500893935,0.25,0.2,Yes,No,0.0,0.47772149500893935
P1264,0.8620689655172411,Female,0.3333333333333333,Urban,Married,0.2857142857142857,0.5498446870860648,0.5419331845654424,0.3703344549686261,0.45524764244424715,0.25,0.9,No,No,0.0,0.7409619281585329
P1265,0.6551724137931032,Male,0.3333333333333333,Urban,Widowed,0.14285714285714285,0.5331614667358536,0.4485826649538046,0.48799830270078887,0.0,0.5,0.7000000000000001,No,No,0.0,0.14285714285714285
P1266,0.37931034482758585,Male,0.3333333333333333,Rural,Single,0.2857142857142857,0.6141518812039052,0.39855067880894757,0.5239113973233525,0.5013968438971146,0.75,0.7000000000000001,Yes,No,0.0,0.7871111296114003
P1267,1.0,Male,0.6666666666666666,Urban,Married,0.0,0.2600502634044154,0.6915566072092073,0.6547104844120379,0.05426290839341523,0.75,0.6000000000000001,No,No,0.0,0.05426290839341523
P1268,0.2068965517241379,Female,0.6666666666666666,Urban,Widowed,0.2857142857142857,0.47080097086835393,0.5497521579070769,0.27868154609293955,0.07259876006034759,0.25,0.2,No,No,0.0,0.3583130457746333
P1269,0.0344827586206895,Female,0.6666666666666666,Urban,Divorced,0.2857142857142857,0.4352716702071969,0.5191890816823866,0.6914940031583778,0.48909886846657336,0.75,0.0,Yes,No,0.0,0.774813154180859
P1270,0.068965517241379,Male,0.6666666666666666,Urban,Divorced,0.14285714285714285,0.25706135875337455,0.4832777779848191,0.5819910983852983,0.5300251387323723,0.5,0.4,No,No,0.0,0.6728822815895152
P1271,0.5517241379310343,Female,1.0,Urban,Married,0.42857142857142855,0.5744610946510967,0.5059448858630297,0.7122339622909424,0.6908327661204109,0.5,0.0,Yes,Yes,0.0,1.1194041946918394
P1272,0.13793103448275845,Male,0.3333333333333333,Urban,Divorced,0.14285714285714285,0.37640900011510314,0.6649276382822115,0.7479562670102506,0.13887762666744333,1.0,0.5,Yes,Yes,0.0,0.2817347695245862
P1273,0.5517241379310343,Male,1.0,Urban,Single,0.0,0.6087887318753892,0.28769660223254634,0.5628208517921174,0.22261535996212406,0.75,1.0,No,Yes,0.0,0.22261535996212406
P1274,0.7931034482758621,Male,0.0,Urban,Divorced,0.14285714285714285,0.29285686915542075,0.5471643573227712,0.7338039794835773,0.5126506193760131,1.0,0.6000000000000001,Yes,No,0.0,0.655507762233156
P1275,0.5517241379310343,Male,1.0,Rural,Divorced,0.14285714285714285,0.17323575486676734,0.4284523434135957,0.5960436391051893,0.695458339677958,0.0,0.4,No,Yes,0.0,0.8383154825351009
P1276,0.896551724137931,Female,0.6666666666666666,Urban,Single,0.2857142857142857,0.37623896966147596,0.29397862961200116,0.7949238839966035,0.4471711448783619,0.5,0.30000000000000004,No,Yes,0.0,0.7328854305926475
P1277,0.5517241379310343,Female,0.3333333333333333,Urban,Married,0.42857142857142855,0.45531886376040787,0.3455045267197673,0.6926052211217837,0.1897254036781463,0.25,0.1,Yes,Yes,0.0,0.6182968322495749
P1278,0.0344827586206895,Female,0.0,Urban,Married,0.7142857142857142,0.3276340121301813,0.40348266937206245,0.6602623220011798,0.7633310844769532,0.5,0.4,Yes,Yes,0.0,1.4776167987626674
P1279,0.0344827586206895,Male,0.3333333333333333,Urban,Single,0.14285714285714285,0.0,0.20728362406010514,0.5923876256300922,0.3378246685932159,0.0,0.8,Yes,No,0.0,0.48068181145035876
P1280,0.9310344827586206,Male,0.0,Rural,Single,0.2857142857142857,0.4806081908197951,0.5207295955455357,0.9271699662097095,0.3453220769062765,0.25,0.30000000000000004,Yes,Yes,0.0,0.6310363626205622
P1281,0.7241379310344827,Male,0.0,Rural,Single,0.42857142857142855,0.47983011508700446,0.3449361047110838,0.7139284932111465,0.055526909019737274,0.75,0.1,Yes,Yes,0.0,0.48409833759116583
P1282,0.7586206896551722,Female,0.6666666666666666,Rural,Divorced,0.42857142857142855,0.5311945464234943,0.37907802949866787,0.3005215601873727,0.575130466905229,0.75,0.5,Yes,No,0.0,1.0037018954766574
P1283,0.13793103448275845,Male,0.6666666666666666,Rural,Single,0.42857142857142855,0.3532512607415371,0.6104004636232377,0.5039180188524821,0.6060473063510855,0.5,0.7000000000000001,No,Yes,0.0,1.034618734922514
P1284,0.0,Female,0.6666666666666666,Rural,Widowed,0.0,0.3441580446030156,0.3872269464048733,0.5621865210951349,0.23114288585385775,0.25,0.1,No,No,0.0,0.23114288585385775
P1285,0.0,Female,1.0,Rural,Divorced,0.42857142857142855,0.6567202954669152,0.6459397171674736,0.6166470935465937,0.8222188610024186,0.25,0.8,Yes,Yes,0.0,1.2507902895738472
P1286,0.6206896551724137,Female,0.6666666666666666,Rural,Married,0.42857142857142855,0.15409921902971402,0.26821554383724655,0.659224607345712,0.2596985160256709,1.0,0.6000000000000001,No,Yes,0.0,0.6882699445970994
P1287,1.0,Female,0.6666666666666666,Rural,Married,0.2857142857142857,0.37548036772206006,0.16416912021915453,0.39084456696069075,0.5513547149350762,0.0,0.1,Yes,Yes,0.0,0.8370690006493618
P1288,0.0344827586206895,Female,0.0,Rural,Married,0.5714285714285714,0.4403836410219676,0.3109103369191123,0.6006354516625712,0.4547427693070626,0.75,1.0,Yes,No,0.0,1.026171340735634
P1289,0.6896551724137931,Female,0.6666666666666666,Rural,Divorced,0.2857142857142857,0.5176703050023735,0.0,0.5417067219023208,0.0,0.5,0.4,No,Yes,0.0,0.2857142857142857
P1290,0.37931034482758585,Male,0.3333333333333333,Rural,Widowed,0.14285714285714285,0.44496119706738646,0.5283203186310806,0.8766336050817014,0.5317845587430882,0.25,0.4,No,Yes,0.0,0.6746417016002311
P1291,0.8620689655172411,Male,1.0,Rural,Single,0.0,0.2630012269230735,0.17474571976591025,0.3786669026994181,0.5101869634742207,0.75,0.6000000000000001,Yes,No,0.0,0.5101869634742207
P1292,0.17241379310344795,Female,1.0,Rural,Single,0.2857142857142857,0.6112689913368091,0.2513281051915873,0.6127550943487385,0.0,0.5,0.4,Yes,Yes,0.0,0.2857142857142857
P1293,0.7586206896551722,Female,0.6666666666666666,Rural,Married,0.0,0.41698456871281786,0.49386882938562293,0.45281596887666825,0.7678816614949774,0.75,1.0,Yes,Yes,0.0,0.7678816614949774
P1294,0.10344827586206895,Male,0.0,Rural,Married,0.42857142857142855,0.13866621558477277,0.3852947450759804,1.0,0.5111645653009891,0.5,0.5,No,Yes,0.0,0.9397359938724177
P1295,0.7586206896551722,Female,1.0,Rural,Divorced,0.14285714285714285,0.45152944179556564,0.2835371894399782,0.9177838552818072,0.6990965577814473,0.75,0.8,Yes,Yes,0.0,0.8419537006385902
P1296,0.34482758620689635,Female,0.6666666666666666,Urban,Widowed,0.0,0.49587947853691083,0.0,0.22369036845997997,0.0,1.0,0.2,Yes,Yes,0.0,0.0
P1297,0.7931034482758621,Male,0.0,Rural,Single,0.2857142857142857,0.7434573255663525,0.6001469145267625,0.4262805613994132,0.30220531127176314,0.0,0.2,No,No,0.0,0.5879195969860489
P1298,0.896551724137931,Female,0.3333333333333333,Urban,Divorced,0.0,0.4847918914783821,0.49510546063208405,0.8254389906146016,0.6849516992099397,0.75,0.7000000000000001,No,No,0.0,0.6849516992099397
P1299,0.5517241379310343,Female,0.6666666666666666,Rural,Single,0.14285714285714285,0.16966240466414628,0.7374038781269546,0.7264021434162828,0.02366560101615298,0.0,0.9,No,No,0.0,0.16652274387329583
P1300,0.17241379310344795,Female,0.0,Rural,Married,0.14285714285714285,0.17551645153194062,0.25520366618356227,0.7188957884969063,0.3092591756512216,0.75,0.5,Yes,Yes,0.0,0.4521163185083644
P1301,0.7931034482758621,Male,1.0,Urban,Single,0.2857142857142857,0.6264515763663779,0.09919086102218033,0.6626113941385752,0.4987305456884832,0.25,0.9,Yes,Yes,0.0,0.7844448314027689
P1302,0.13793103448275845,Male,0.3333333333333333,Rural,Widowed,0.14285714285714285,0.2828661644418101,0.5445009609571679,0.8446594141333792,0.0,1.0,0.2,No,Yes,0.0,0.14285714285714285
P1303,0.6551724137931032,Male,0.0,Urban,Widowed,0.0,0.15840315597580668,0.32944365138175435,0.8039032805586268,0.08306134469983813,1.0,0.1,Yes,Yes,0.0,0.08306134469983813
P1304,0.0344827586206895,Female,1.0,Urban,Married,0.14285714285714285,0.5834184779597388,0.47784906528526483,0.5473488804968765,0.7334210374658298,0.0,0.1,Yes,Yes,0.0,0.8762781803229727
P1305,0.17241379310344795,Female,0.3333333333333333,Urban,Widowed,0.0,0.3373773646308883,0.6581664158775556,0.32978055126225775,0.41532518031085064,0.25,0.1,No,No,0.0,0.41532518031085064
P1306,0.7241379310344827,Male,0.6666666666666666,Rural,Widowed,0.2857142857142857,0.5745023273599347,0.4342096539025774,0.2122679181913248,0.6840129175905503,0.5,0.4,No,No,0.0,0.969727203304836
P1307,0.34482758620689635,Female,0.0,Rural,Divorced,0.2857142857142857,0.2642134157784315,0.3940543455537332,0.5921020487009376,0.4447464487490182,1.0,0.4,Yes,No,0.0,0.7304607344633038
P1308,0.5172413793103448,Female,0.0,Rural,Single,0.14285714285714285,0.6623020556109801,0.40545505205556187,0.1763929636431652,0.991742062906902,0.25,0.0,No,Yes,1.0,1.1345992057640448
P1309,0.5172413793103448,Female,0.6666666666666666,Urban,Married,0.2857142857142857,0.5620106178222125,0.06595487527915189,0.6770115256496398,0.5064841083751218,0.25,0.1,No,No,0.0,0.7921983940894075
P1310,0.0,Female,0.6666666666666666,Urban,Married,0.42857142857142855,0.29621910556644226,0.5650978562696446,0.543164789645308,0.7064043777557483,0.0,0.1,Yes,No,0.0,1.1349758063271769
P1311,0.2758620689655169,Female,0.6666666666666666,Rural,Married,0.14285714285714285,0.13993492218422632,0.5767429385907566,1.0,0.3417410801422482,0.25,0.30000000000000004,Yes,No,0.0,0.48459822299939104
P1312,0.9310344827586206,Male,0.6666666666666666,Rural,Married,0.2857142857142857,0.8008606431256903,0.46010364090227707,0.6990705909629991,0.45163477378742134,0.25,0.6000000000000001,Yes,No,0.0,0.737349059501707
P1313,0.896551724137931,Female,0.6666666666666666,Rural,Married,0.42857142857142855,0.38163204966780906,0.08810824819439433,0.6099186974892061,0.5553520054239702,0.5,0.2,Yes,Yes,0.0,0.9839234339953988
P1314,0.17241379310344795,Male,0.0,Rural,Widowed,0.2857142857142857,0.2895447254873805,0.34160930452054294,0.22996054252904857,0.5952702287627378,0.0,0.4,Yes,Yes,0.0,0.8809845144770235
P1315,0.5172413793103448,Female,0.3333333333333333,Rural,Divorced,0.42857142857142855,0.6477180448049166,0.6251865046168826,0.31468163445391456,0.3915608920718076,0.0,1.0,Yes,No,0.0,0.8201323206432362
P1316,0.96551724137931,Male,1.0,Urban,Married,0.2857142857142857,0.5742933089020733,0.26077206127755115,0.7800509240673614,0.4016009272004146,0.25,0.8,No,No,0.0,0.6873152129147003
P1317,0.068965517241379,Female,0.6666666666666666,Urban,Divorced,0.2857142857142857,0.61379942388543,0.5789551003479382,0.5419520599674599,0.5216847675468772,0.5,0.4,No,No,0.0,0.8073990532611629
P1318,0.6551724137931032,Male,0.6666666666666666,Urban,Divorced,0.14285714285714285,0.40024862041371134,0.3736539077557913,1.0,0.5215268043050678,0.75,0.8,No,No,0.0,0.6643839471622106
P1319,0.9310344827586206,Female,0.3333333333333333,Rural,Widowed,0.8571428571428571,0.7301757817206042,0.49318251627562926,0.5970312455776132,0.1543481306054539,1.0,0.0,Yes,No,0.0,1.011490987748311
P1320,0.896551724137931,Male,0.3333333333333333,Urban,Married,0.2857142857142857,0.19823030324143964,0.2887015613045848,0.6573606472816613,0.45505837694897094,0.0,0.8,Yes,No,0.0,0.7407726626632567
P1321,0.10344827586206895,Female,0.6666666666666666,Urban,Widowed,0.2857142857142857,0.32465841307374654,0.3789783421173939,0.3016146643827447,0.4781075230160096,0.5,0.4,Yes,No,0.0,0.7638218087302953
P1322,0.6206896551724137,Male,1.0,Urban,Married,0.14285714285714285,0.48164645928581395,0.443039136030705,0.8437571748249066,0.1660732989612201,0.5,0.7000000000000001,Yes,No,0.0,0.30893044181836293
P1323,0.8620689655172411,Female,0.6666666666666666,Urban,Widowed,0.14285714285714285,0.6113518907061856,0.16668473201923917,0.3952729764423712,0.6188745011625749,0.25,0.4,Yes,No,0.0,0.7617316440197177
P1324,0.068965517241379,Male,1.0,Urban,Divorced,0.14285714285714285,0.5268598367541383,0.4134387507234566,0.7424746797948054,0.5002324016421819,1.0,0.5,No,Yes,0.0,0.6430895444993248
P1325,0.6206896551724137,Male,0.6666666666666666,Rural,Married,0.2857142857142857,0.4028557106922016,0.0,0.8112816481644141,0.9616120594272184,0.0,0.7000000000000001,Yes,No,0.0,1.247326345141504
P1326,0.6551724137931032,Female,0.0,Urban,Single,0.7142857142857142,0.33747535546008656,0.2542724023960413,0.6397078925041777,0.3946827987369449,0.75,0.1,No,Yes,0.0,1.108968513022659
P1327,0.2068965517241379,Female,0.3333333333333333,Rural,Divorced,0.2857142857142857,0.6122518097265591,0.46252418442977794,1.0,0.6742486454311402,0.25,0.2,Yes,Yes,0.0,0.9599629311454259
P1328,0.6551724137931032,Male,0.0,Rural,Single,0.14285714285714285,0.5440660022128384,0.5673205310091932,0.47069690275373216,0.5306351630399899,0.0,1.0,No,No,0.0,0.6734923058971327
P1329,0.2758620689655169,Female,0.3333333333333333,Rural,Divorced,0.14285714285714285,0.2709127012181559,0.44959129850895063,1.0,0.8631707383284145,0.0,0.8,No,No,0.0,1.0060278811855574
P1330,0.0,Male,1.0,Rural,Widowed,0.2857142857142857,0.2659551003228289,0.11085149566709673,0.312616588288623,0.1675978519783776,0.5,0.4,No,Yes,0.0,0.4533121376926633
P1331,0.2413793103448274,Male,0.3333333333333333,Rural,Married,0.42857142857142855,0.32575197426008085,0.5514287507028329,0.8082253987471746,0.28178579103840845,1.0,0.4,No,Yes,0.0,0.710357219609837
P1332,0.2068965517241379,Male,0.6666666666666666,Urban,Divorced,0.14285714285714285,0.304373022396771,0.15651823063223025,0.582818306013948,0.17584279045646248,0.75,0.8,No,No,0.0,0.31869993331360535
P1333,0.5862068965517238,Female,0.0,Urban,Widowed,0.2857142857142857,0.5883068187577448,0.4753088275317,0.44736959703080886,0.3821965199808363,1.0,0.9,No,Yes,0.0,0.667910805695122
P1334,0.2413793103448274,Male,0.3333333333333333,Rural,Married,0.7142857142857142,0.4892887203696695,0.16257568280129853,0.2191602007416093,0.13037205714997188,0.5,0.2,No,No,0.0,0.8446577714356861
P1335,0.0,Male,0.3333333333333333,Rural,Married,0.14285714285714285,0.5096312067338497,0.22305341738869855,0.554504649016228,0.033819212058641517,0.75,0.30000000000000004,Yes,No,0.0,0.17667635491578437
P1336,0.34482758620689635,Female,0.3333333333333333,Rural,Divorced,0.2857142857142857,0.44861160613279594,0.189754702558094,0.5393857757167744,0.0,0.75,0.6000000000000001,Yes,Yes,0.0,0.2857142857142857
P1337,0.9310344827586206,Female,0.6666666666666666,Urban,Married,0.5714285714285714,0.4564617858895591,0.3889015616875854,0.6583145127277479,0.0,0.25,0.1,No,No,0.0,0.5714285714285714
P1338,0.8275862068965516,Female,0.3333333333333333,Rural,Divorced,0.5714285714285714,0.1530304307766147,0.3280846338864426,0.7904566426659572,0.558845220684434,0.75,0.7000000000000001,Yes,Yes,0.0,1.1302737921130053
P1339,0.8275862068965516,Female,0.6666666666666666,Urban,Married,0.42857142857142855,0.5490306096141283,0.45616535229648936,0.42334697889305256,0.2913784795323412,0.0,0.4,Yes,No,0.0,0.7199499081037697
P1340,0.5862068965517238,Male,0.0,Rural,Single,0.2857142857142857,0.3227530865680929,0.3602482111503439,1.0,0.10414385744852164,1.0,0.0,No,No,0.0,0.3898581431628073
P1341,0.7586206896551722,Male,0.0,Urban,Widowed,0.2857142857142857,0.41114077782500125,0.08765937207508379,0.4879759922045737,0.24238960556271666,1.0,0.2,Yes,Yes,0.0,0.5281038912770024
P1342,1.0,Male,0.3333333333333333,Rural,Single,0.14285714285714285,0.3378045129774444,0.4137840851087228,0.7610978045289802,0.2739460505683657,0.25,0.8,No,Yes,0.0,0.41680319342550853
P1343,0.31034482758620685,Male,0.6666666666666666,Urban,Divorced,0.14285714285714285,0.44097859419194585,0.043242609012205446,0.638504559653222,0.1688922202932488,0.75,0.4,Yes,No,0.0,0.31174936315039165
P1344,0.068965517241379,Female,0.6666666666666666,Rural,Single,0.14285714285714285,0.5121823212073325,0.20293563762745392,0.5693394401564069,0.7871790718138364,0.5,0.7000000000000001,No,No,0.0,0.9300362146709793
P1345,0.2068965517241379,Male,0.3333333333333333,Urban,Divorced,0.42857142857142855,0.2485241612461121,0.29747030325836354,0.6265067997857208,0.7417793688410216,0.0,0.0,Yes,Yes,0.0,1.17035079741245
P1346,0.9310344827586206,Male,0.3333333333333333,Urban,Married,0.5714285714285714,0.45879153737400025,0.2848721077837012,0.3917853245392971,0.7830748872418738,0.25,0.6000000000000001,No,No,0.0,1.3545034586704452
P1347,0.5172413793103448,Female,0.6666666666666666,Urban,Married,0.0,0.341832903541024,0.06410678899890432,0.5241220209790285,0.4440490023654342,0.75,0.6000000000000001,Yes,Yes,0.0,0.4440490023654342
P1348,0.8620689655172411,Male,0.0,Urban,Divorced,0.42857142857142855,0.6369097959793338,0.6129381006433076,0.29614176563562805,0.46841050542373924,0.5,0.7000000000000001,Yes,Yes,0.0,0.8969819339951678
P1349,0.5172413793103448,Male,0.3333333333333333,Urban,Single,0.42857142857142855,0.23089576617006202,0.6632732345557634,0.4854055886941086,0.24394499279633872,0.75,0.2,Yes,Yes,0.0,0.6725164213677672
P1350,0.8275862068965516,Male,1.0,Urban,Married,0.2857142857142857,0.24958062173932438,0.7728682007834454,0.5051831159620863,0.1971655427508534,0.25,0.0,No,No,0.0,0.4828798284651391
P1351,0.6551724137931032,Male,0.6666666666666666,Urban,Widowed,0.42857142857142855,0.35673829699386495,0.5723002577253921,0.8192852420826373,0.40616712694045887,0.5,1.0,No,Yes,0.0,0.8347385555118874
P1352,0.9310344827586206,Male,0.3333333333333333,Rural,Married,0.7142857142857142,0.26239271416436016,0.2917369929472228,0.5374439916422795,0.557874383114773,0.5,0.8,Yes,No,0.0,1.2721600974004872
P1353,0.5517241379310343,Male,1.0,Rural,Widowed,0.42857142857142855,0.37926983116884816,0.2886037234638955,0.5096329485587006,0.6886000142339276,0.5,0.0,Yes,Yes,0.0,1.117171442805356
P1354,0.0344827586206895,Female,0.6666666666666666,Rural,Single,0.14285714285714285,0.32868574898071445,0.2785647570594135,0.6695996747676216,0.26959515504347165,0.5,1.0,No,No,0.0,0.4124522979006145
P1355,0.0,Female,0.3333333333333333,Rural,Widowed,0.2857142857142857,0.43140206295030226,0.7246613974955954,0.6602170961051768,0.09957751437709385,0.75,0.5,Yes,No,0.0,0.38529180009137953
P1356,0.5172413793103448,Male,0.6666666666666666,Rural,Widowed,0.0,0.5846786713040258,0.3426288238245162,0.4754046219993559,0.5775114080809424,0.5,0.8,Yes,Yes,0.0,0.5775114080809424
P1357,1.0,Male,0.6666666666666666,Urban,Widowed,0.2857142857142857,0.4285466009473792,0.5944059830764049,0.7113051252355691,0.0,0.75,0.1,No,Yes,0.0,0.2857142857142857
P1358,0.37931034482758585,Female,0.3333333333333333,Urban,Widowed,0.42857142857142855,0.44372576013607967,0.580260905039898,0.5741429580877098,0.3915080562789069,0.5,0.30000000000000004,No,Yes,0.0,0.8200794848503354
P1359,0.13793103448275845,Male,0.3333333333333333,Urban,Married,0.5714285714285714,0.24044623286465006,0.39809961019652185,0.4750161199221726,0.42242424147801294,0.5,0.1,Yes,No,0.0,0.9938528129065843
P1360,0.13793103448275845,Male,0.3333333333333333,Urban,Widowed,0.0,0.3943234076974783,0.09970166477645359,0.4982847539981738,0.30981785133721124,0.25,0.30000000000000004,No,No,0.0,0.30981785133721124
P1361,0.896551724137931,Male,0.6666666666666666,Urban,Married,0.14285714285714285,0.3463742547317671,0.3465602475180153,0.8442166658365005,0.02920970850904508,0.75,0.1,Yes,No,0.0,0.17206685136618793
P1362,0.7586206896551722,Female,0.3333333333333333,Rural,Widowed,0.14285714285714285,0.5302734939400809,0.3903575047659912,0.5054797507675486,0.3129877189081679,0.75,0.0,Yes,Yes,0.0,0.45584486176531075
P1363,0.2758620689655169,Male,1.0,Rural,Divorced,0.14285714285714285,0.2892388361328837,0.5959856890732701,0.6794365940411691,0.7960780209845237,1.0,1.0,No,Yes,0.0,0.9389351638416665
P1364,0.2758620689655169,Female,0.6666666666666666,Rural,Single,0.0,0.2732240679147945,0.3671741658364166,0.30987412692145927,0.5432878972294249,0.25,0.2,Yes,Yes,0.0,0.5432878972294249
P1365,0.068965517241379,Male,0.0,Rural,Widowed,0.14285714285714285,0.46957153285789144,0.1438898975227626,0.8839506902303025,0.6804079412666051,0.75,0.7000000000000001,No,Yes,0.0,0.8232650841237479
P1366,0.6206896551724137,Female,0.6666666666666666,Urban,Divorced,0.2857142857142857,0.7466838423954897,0.5432563632239463,0.4773311507092521,0.10812525506728705,0.25,0.4,No,Yes,0.0,0.39383954078157274
P1367,0.5172413793103448,Female,0.3333333333333333,Urban,Widowed,0.42857142857142855,0.38734189600422264,0.3222652140913659,0.7127563202333114,0.46245495884423254,0.25,0.30000000000000004,Yes,No,0.0,0.8910263874156611
P1368,0.5172413793103448,Male,0.6666666666666666,Urban,Widowed,0.5714285714285714,0.4447014010384164,0.0,0.5566836824526913,0.4221922714208434,0.25,0.4,No,Yes,0.0,0.9936208428494149
P1369,0.068965517241379,Female,0.6666666666666666,Rural,Widowed,0.14285714285714285,0.574670308059131,0.42272446810486264,0.7100135971309858,0.4268508256615719,0.0,0.5,Yes,No,0.0,0.5697079685187147
P1370,0.6551724137931032,Male,0.3333333333333333,Urban,Divorced,0.5714285714285714,0.501650649769212,0.4546856898400383,0.7230877898701904,0.5346574872850165,0.75,0.5,No,Yes,0.0,1.106086058713588
P1371,0.7931034482758621,Female,0.3333333333333333,Rural,Single,0.14285714285714285,0.5027465800636995,0.21037487402440214,0.5822796470845646,0.43638127881939215,0.25,0.4,Yes,Yes,0.0,0.5792384216765349
P1372,0.7241379310344827,Male,0.0,Urban,Divorced,0.2857142857142857,0.40080125801366584,0.32871894534125656,0.17015279261883715,0.1147991749264385,0.0,1.0,No,Yes,0.0,0.4005134606407242
P1373,0.7931034482758621,Male,0.0,Urban,Single,0.14285714285714285,0.4040441362036232,0.48322127744980914,0.8781350229722784,0.5484678383204702,0.0,0.5,Yes,Yes,0.0,0.691324981177613
P1374,0.0,Female,0.3333333333333333,Rural,Widowed,0.2857142857142857,0.2908085770455787,0.42396087294586937,0.5834194651136946,0.6032275761201498,0.5,0.8,Yes,Yes,0.0,0.8889418618344355
P1375,0.7931034482758621,Male,0.3333333333333333,Urban,Married,0.7142857142857142,0.49772887571689706,0.07951691816090933,0.7050267652160163,0.7183604374276829,0.5,0.4,No,No,0.0,1.432646151713397
P1376,0.6551724137931032,Male,1.0,Urban,Widowed,0.2857142857142857,0.49392573833310693,0.591554575726794,0.7825324817395871,0.7289871002883321,0.75,0.5,Yes,Yes,0.0,1.014701386002618
P1377,0.34482758620689635,Female,0.3333333333333333,Rural,Single,0.0,0.5361940879489672,0.673878294461573,0.507455948462163,0.5155535760878165,0.5,0.30000000000000004,Yes,No,0.0,0.5155535760878165
P1378,0.5517241379310343,Male,0.3333333333333333,Urban,Divorced,0.2857142857142857,0.33531592157444223,0.2708756570851195,0.7407324556302499,0.1260147616820841,0.75,0.2,Yes,No,0.0,0.4117290473963698
P1379,0.2413793103448274,Male,0.6666666666666666,Rural,Widowed,0.2857142857142857,0.5550223998964344,0.016386986741347864,0.4379195128207735,0.033025366994818305,0.0,0.5,Yes,No,0.0,0.318739652709104
P1380,0.10344827586206895,Female,0.0,Urban,Divorced,0.2857142857142857,0.6055557980246561,0.5038386921459911,0.7097044240929167,0.3463100795683001,0.0,1.0,Yes,No,0.0,0.6320243652825859
P1381,0.17241379310344795,Female,1.0,Urban,Divorced,0.14285714285714285,0.21434031362062345,0.24125592014943742,0.6216333922961073,0.6221327399356633,0.75,1.0,Yes,Yes,0.0,0.7649898827928061
P1382,0.2413793103448274,Male,0.6666666666666666,Urban,Divorced,0.7142857142857142,0.3671879034404323,0.46099069001549997,0.5157590554116305,0.60663175254952,0.5,0.4,No,Yes,0.0,1.3209174668352341
P1383,0.6551724137931032,Male,0.6666666666666666,Urban,Widowed,0.14285714285714285,0.6125039303268064,0.7640309939212796,0.6281672265975469,0.46685520230378724,0.5,0.30000000000000004,No,Yes,0.0,0.6097123451609301
P1384,1.0,Female,0.0,Urban,Divorced,0.14285714285714285,0.30840738335785234,0.08248953105657253,0.36427367959119367,0.39214587202927575,0.75,0.4,No,Yes,0.0,0.5350030148864187
P1385,0.068965517241379,Female,0.3333333333333333,Urban,Divorced,0.42857142857142855,0.5047937545305569,0.21879620367048658,0.6909086645483358,0.8589117128394173,1.0,0.6000000000000001,No,Yes,0.0,1.2874831414108459
P1386,0.5172413793103448,Male,0.3333333333333333,Urban,Widowed,0.5714285714285714,0.4180960003337385,0.3282764375366457,0.7157569650063698,0.5390323784165175,0.5,0.0,Yes,No,0.0,1.110460949845089
P1387,1.0,Female,1.0,Urban,Divorced,0.5714285714285714,0.4718132202372515,0.5984869747925349,0.6996717616561092,0.37994592623047224,0.25,0.0,Yes,Yes,0.0,0.9513744976590437
P1388,0.8275862068965516,Male,0.0,Rural,Widowed,0.0,0.42317605044870177,1.0,0.9765770063616261,0.24567056959856448,0.5,1.0,No,Yes,0.0,0.24567056959856448
P1389,0.068965517241379,Male,0.3333333333333333,Rural,Single,0.14285714285714285,0.5410284974273786,0.40856094310902324,0.5941766906050006,0.15830615646724805,1.0,0.0,Yes,No,0.0,0.3011632993243909
P1390,0.8275862068965516,Male,1.0,Urban,Single,0.2857142857142857,0.24641381068935375,0.0668685925955419,0.610661523070499,0.1346204957022074,0.0,0.1,No,Yes,0.0,0.4203347814164931
P1391,0.96551724137931,Male,0.3333333333333333,Urban,Single,0.14285714285714285,0.26444612597961903,0.30081429559068684,0.33672133855330294,0.15833307439866448,0.0,0.8,Yes,Yes,0.0,0.3011902172558073
P1392,0.5862068965517238,Male,0.3333333333333333,Rural,Divorced,0.14285714285714285,0.6607522583778095,0.22275209341127555,0.9934084393413234,0.46852781097369944,0.0,0.4,Yes,No,0.0,0.6113849538308422
P1393,0.4482758620689653,Female,0.0,Urban,Married,0.14285714285714285,0.7667272133308863,0.49483372321559804,0.25821928969699276,0.3965938069729288,0.5,0.8,No,Yes,0.0,0.5394509498300717
P1394,0.5862068965517238,Female,1.0,Urban,Married,0.7142857142857142,0.4157634268956064,0.43216085514526037,0.6716404206612288,0.3225372240661261,0.0,0.4,Yes,No,0.0,1.0368229383518404
P1395,0.0344827586206895,Female,0.0,Rural,Divorced,0.42857142857142855,0.7025443403586183,0.17421575127189126,0.46972051693886024,0.5781111228363827,1.0,0.6000000000000001,No,No,0.0,1.0066825514078113
P1396,0.7241379310344827,Female,0.6666666666666666,Urban,Married,0.5714285714285714,0.28803755883107973,0.21209355922779427,0.6318363194348464,0.8361638701157131,1.0,0.5,No,Yes,0.0,1.4075924415442844
P1397,0.068965517241379,Male,0.6666666666666666,Urban,Widowed,0.14285714285714285,0.32806901941900724,0.2981714140773931,0.3037306549887255,0.20287273428343888,0.5,0.1,No,No,0.0,0.34572987714058173
P1398,0.5172413793103448,Male,0.3333333333333333,Rural,Married,0.14285714285714285,0.659581251957562,0.3201166708976818,0.8304047593949042,0.2387314837735579,0.25,0.2,Yes,Yes,0.0,0.38158862663070076
P1399,0.96551724137931,Male,0.6666666666666666,Urban,Divorced,0.14285714285714285,0.5506844214372265,0.3559656516055313,0.38821975110803514,0.0,0.5,0.4,Yes,Yes,0.0,0.14285714285714285
P1400,0.2758620689655169,Male,0.0,Urban,Divorced,0.14285714285714285,0.684404516322043,0.37252240276262094,0.896149069677644,0.39460646209309164,0.0,0.30000000000000004,No,Yes,0.0,0.5374636049502345
P1401,0.10344827586206895,Female,0.3333333333333333,Rural,Widowed,0.14285714285714285,0.4947592948431675,0.5881546432244614,0.39482056276292415,0.37023975473453213,0.5,1.0,Yes,No,0.0,0.513096897591675
P1402,0.0,Male,0.6666666666666666,Urban,Single,0.2857142857142857,0.2479089872476209,0.29159799781428364,0.8504086749912649,0.6157143053688628,1.0,0.5,No,No,0.0,0.9014285910831485
P1403,0.10344827586206895,Male,1.0,Rural,Divorced,0.0,0.45392955958377945,0.26480602904607575,0.4179601707392187,0.38005667077340427,0.5,0.7000000000000001,No,No,0.0,0.38005667077340427
P1404,0.0,Female,0.6666666666666666,Urban,Widowed,0.2857142857142857,0.6170004230780018,0.1202229052927486,0.46976154581931534,0.25946254382806283,0.5,0.7000000000000001,Yes,No,0.0,0.5451768295423485
P1405,0.4482758620689653,Female,0.6666666666666666,Urban,Married,1.0,0.39454413289230483,0.32293468497863176,0.6164740046929804,0.44729406133451105,0.25,0.2,No,No,0.0,1.447294061334511
P1406,0.6896551724137931,Female,0.0,Rural,Married,0.2857142857142857,0.3689277469157136,0.41021749930782725,0.41389904297794305,0.5349515596000809,1.0,0.30000000000000004,Yes,No,0.0,0.8206658453143666
P1407,0.5172413793103448,Female,0.0,Rural,Widowed,0.42857142857142855,0.49730890049402043,0.05016429789214927,0.40684812327950054,0.011772647898138502,0.75,0.0,Yes,No,0.0,0.440344076469567
P1408,0.6551724137931032,Male,0.0,Urban,Widowed,0.14285714285714285,0.32341562240913424,0.301376619382805,0.4166729063874201,0.6431628867231156,0.75,0.1,Yes,No,0.0,0.7860200295802584
P1409,0.7931034482758621,Male,0.3333333333333333,Rural,Divorced,0.2857142857142857,0.4659167471855833,0.5745989327127349,0.6932588026931925,0.7151907161924038,1.0,0.8,No,No,0.0,1.0009050019066894
P1410,0.2413793103448274,Female,0.3333333333333333,Rural,Married,0.2857142857142857,0.42725024411190937,0.4815101895820383,0.6168084106039233,0.532638961206519,0.75,0.9,No,No,0.0,0.8183532469208047
P1411,0.2068965517241379,Male,0.3333333333333333,Urban,Widowed,0.42857142857142855,0.33493092320859674,0.4315333041383259,0.6295173720247018,0.1761200147910964,0.0,0.9,Yes,No,0.0,0.604691443362525
P1412,0.068965517241379,Male,0.3333333333333333,Urban,Married,0.14285714285714285,0.5801228719779025,0.47658405435900086,0.5391899780938534,0.32251033468980855,0.75,0.1,Yes,Yes,0.0,0.4653674775469514
P1413,0.5517241379310343,Male,0.3333333333333333,Urban,Widowed,0.5714285714285714,0.5243313231584622,0.25932649638370464,0.7482898511903389,0.6854982591329499,0.0,0.5,No,No,0.0,1.2569268305615213
P1414,0.0,Female,0.6666666666666666,Rural,Married,0.42857142857142855,0.3577215692855623,0.23510549347164356,0.8683287723410655,0.16561557788891149,1.0,0.6000000000000001,Yes,Yes,0.0,0.5941870064603401
P1415,0.5172413793103448,Male,1.0,Rural,Single,0.42857142857142855,0.4141731225099877,0.5948925055887558,0.7547345604040046,0.5521700428863993,0.75,0.5,Yes,Yes,0.0,0.9807414714578278
P1416,0.37931034482758585,Female,0.3333333333333333,Rural,Divorced,1.0,0.3714540666920271,0.5142980689863411,0.5668824740936813,0.3887267849315274,0.75,0.7000000000000001,No,Yes,0.0,1.3887267849315275
P1417,0.896551724137931,Male,1.0,Rural,Married,0.42857142857142855,0.31022539345950784,0.22795035970343547,0.32462649525322357,0.43947752316970534,0.0,0.8,No,Yes,0.0,0.8680489517411338
P1418,0.6206896551724137,Male,1.0,Urban,Single,0.7142857142857142,0.1336217212654941,0.02205018914945711,0.1435485309072872,0.19988383159142822,0.0,0.7000000000000001,No,No,0.0,0.9141695458771424
P1419,0.7241379310344827,Male,0.0,Rural,Married,0.42857142857142855,0.3360287092739881,0.2317244457308515,0.6013855804067301,0.4804867914952463,0.5,0.4,Yes,Yes,0.0,0.9090582200666748
P1420,0.7586206896551722,Female,0.6666666666666666,Urban,Married,0.2857142857142857,0.312662083614063,0.4624607686301657,0.13969118321147161,0.46326513291132315,0.25,0.7000000000000001,No,Yes,0.0,0.7489794186256089
P1421,0.7241379310344827,Male,0.6666666666666666,Rural,Single,0.2857142857142857,0.4358151179725599,0.24395270132304903,0.5691968324288281,0.03784272841447099,0.75,0.9,No,Yes,0.0,0.3235570141287567
P1422,0.4482758620689653,Female,0.6666666666666666,Urban,Married,0.14285714285714285,0.4901164669213741,0.42364869287282103,0.9527425670430463,0.39987168166457193,0.25,0.9,No,No,0.0,0.5427288245217148
P1423,1.0,Female,0.3333333333333333,Urban,Married,0.42857142857142855,0.2829692216995191,0.6217764643452545,0.3407435649483224,0.5486225472557498,0.25,0.8,No,Yes,0.0,0.9771939758271784
P1424,0.17241379310344795,Female,0.6666666666666666,Urban,Divorced,0.0,0.478916226954501,0.3467223494921682,0.3089866449466722,0.30825527730480773,0.75,0.7000000000000001,No,Yes,0.0,0.30825527730480773
P1425,0.17241379310344795,Male,0.3333333333333333,Rural,Single,0.14285714285714285,0.2572923695222208,0.40617457326997786,0.7694155756329621,0.0,0.0,0.1,No,No,0.0,0.14285714285714285
P1427,0.6206896551724137,Male,0.6666666666666666,Urban,Widowed,0.2857142857142857,0.3162634832231943,0.1668937712131754,0.7083313753902043,0.7537207541159947,1.0,0.2,Yes,No,0.0,1.0394350398302805
P1428,0.7241379310344827,Male,0.6666666666666666,Rural,Married,0.2857142857142857,0.5410289396798408,0.2230819590887182,0.9685175053542405,0.3180736166117475,0.75,0.6000000000000001,No,No,0.0,0.6037879023260332
P1429,0.2413793103448274,Female,0.6666666666666666,Urban,Divorced,0.0,0.43612884999909973,0.49566566543700874,0.40801913327033995,0.7446233649010031,0.75,0.8,Yes,No,0.0,0.7446233649010031
P1430,0.896551724137931,Female,0.6666666666666666,Rural,Married,0.42857142857142855,0.3983053456947033,0.3703577310089289,0.3668963028280389,0.20551638826625915,1.0,0.7000000000000001,Yes,No,0.0,0.6340878168376877
P1431,0.896551724137931,Female,0.0,Rural,Married,0.14285714285714285,0.3124583733141858,0.3857742927835327,0.7581838087699024,0.12165247745149181,0.25,0.8,No,No,0.0,0.2645096203086347
P1432,0.0344827586206895,Male,0.3333333333333333,Urban,Widowed,0.0,0.36185978193724344,0.36968833233769993,0.33660775982332175,0.3997132114616204,0.5,0.5,Yes,No,0.0,0.3997132114616204
P1433,0.6896551724137931,Female,1.0,Urban,Married,0.42857142857142855,0.7215101353876753,0.5415079943567195,0.811048304418243,0.2030576245428898,0.25,0.0,No,No,0.0,0.6316290531143184
P1434,1.0,Male,0.3333333333333333,Rural,Divorced,0.2857142857142857,0.3331526465462423,0.44285684371812273,0.35610526228894407,0.48029276491394507,1.0,0.30000000000000004,Yes,Yes,0.0,0.7660070506282308
P1435,0.0,Female,0.0,Urban,Divorced,0.0,0.496567819599414,0.44524001655832934,1.0,0.31131342767080183,1.0,0.5,No,No,0.0,0.31131342767080183
P1436,0.9310344827586206,Male,0.0,Rural,Widowed,0.42857142857142855,0.3978922805187185,0.5858542104646859,0.7754901902696998,0.755512745560521,0.5,0.5,Yes,Yes,0.0,1.1840841741319494
P1437,0.4827586206896548,Male,0.3333333333333333,Rural,Married,0.2857142857142857,0.4918042190956732,0.6557407014681255,0.626024743154509,0.29469123906805417,1.0,0.7000000000000001,No,Yes,0.0,0.5804055247823399
P1438,0.0,Female,1.0,Rural,Divorced,0.14285714285714285,0.5561626454488732,0.7715621315941904,1.0,0.4225282457438037,1.0,0.0,No,No,0.0,0.5653853886009466
P1439,0.13793103448275845,Female,0.6666666666666666,Urban,Married,0.2857142857142857,0.35767025111315387,0.25836114639722274,0.8638959343107899,0.5443978921018007,0.5,1.0,Yes,No,0.0,0.8301121778160864
P1440,0.9310344827586206,Female,1.0,Rural,Married,0.2857142857142857,0.5349622377408539,0.8126195298197499,0.7051730002915046,0.6309963521554957,0.75,0.1,Yes,No,0.0,0.9167106378697814
P1441,0.96551724137931,Female,0.6666666666666666,Urban,Married,0.42857142857142855,0.8761065795009734,0.16422310118996675,0.1708099288049471,0.7568901334816706,0.25,0.1,No,No,1.0,1.185461562053099
P1442,0.5172413793103448,Male,0.3333333333333333,Urban,Widowed,0.7142857142857142,0.5112566656986176,0.7154995278260229,0.4489590484340799,0.34444097541300367,0.75,0.5,Yes,Yes,0.0,1.0587266896987177
P1443,0.6206896551724137,Female,0.3333333333333333,Urban,Married,0.2857142857142857,0.6855969107666325,0.24837093478338612,0.8767929072352765,0.3048813974702306,0.75,1.0,No,Yes,0.0,0.5905956831845163
P1444,0.10344827586206895,Female,0.6666666666666666,Urban,Divorced,0.0,0.4968410000177689,0.3511018552354995,0.3056300881110809,0.0,0.25,0.6000000000000001,Yes,No,0.0,0.0
P1445,0.068965517241379,Female,0.0,Rural,Married,0.2857142857142857,0.26133972963374896,0.3670138082114497,0.43358080429500306,0.892103895576074,0.75,0.1,No,Yes,0.0,1.1778181812903596
P1446,0.5517241379310343,Male,1.0,Urban,Divorced,0.0,0.46261566620883066,0.20600531821308776,0.3721976967382576,0.4877758486747411,0.5,0.4,Yes,No,0.0,0.4877758486747411
P1447,0.5517241379310343,Male,1.0,Rural,Married,0.2857142857142857,0.3616027006316783,0.3794033939556293,0.7132512957740591,0.581799007056286,0.25,0.5,No,Yes,0.0,0.8675132927705717
P1448,0.37931034482758585,Female,0.3333333333333333,Rural,Divorced,0.42857142857142855,0.3173432171137377,0.21539307093861082,0.8476311704268025,0.5346293273336173,0.0,0.30000000000000004,Yes,Yes,0.0,0.963200755905046
P1449,0.9310344827586206,Male,1.0,Urban,Divorced,0.0,0.40456913159961905,0.13910119478714544,0.8478675111568783,0.41285705574665044,0.75,0.0,No,No,0.0,0.41285705574665044
P1450,1.0,Female,1.0,Rural,Married,0.2857142857142857,0.3908749868785414,0.3565957030861392,0.41272759785074925,0.4852230951503642,1.0,0.2,Yes,No,0.0,0.7709373808646499
P1451,0.96551724137931,Male,0.6666666666666666,Rural,Married,0.14285714285714285,0.24001251570118987,0.652704889135079,0.7099715451815478,0.26630584388570516,0.25,0.9,No,Yes,0.0,0.409162986742848
P1452,0.4482758620689653,Male,0.0,Urban,Divorced,0.2857142857142857,0.8680769307866322,0.3174509565423681,0.4014593687759925,0.3282665334802131,0.0,0.8,Yes,No,0.0,0.6139808191944989
P1453,0.6896551724137931,Male,0.3333333333333333,Rural,Single,0.42857142857142855,0.5513118190786995,0.5347310755225848,0.5665049092682766,0.17235500334951842,1.0,0.5,Yes,Yes,0.0,0.600926431920947
P1454,0.17241379310344795,Male,0.6666666666666666,Rural,Widowed,0.5714285714285714,0.45739837430701924,0.2098788558698511,0.7414585535874154,0.7755582386042743,0.0,0.1,No,No,0.0,1.3469868100328457
P1455,0.068965517241379,Female,0.3333333333333333,Rural,Single,0.0,0.4316466852084956,0.1302770780664485,0.871038446442026,0.5360130864347986,0.75,0.8,Yes,No,0.0,0.5360130864347986
P1456,0.9310344827586206,Female,0.0,Rural,Single,0.0,0.6170581032703158,0.44615639217370184,0.10229127240084229,0.876337564456181,1.0,0.30000000000000004,Yes,No,1.0,0.876337564456181
P1457,0.2758620689655169,Female,0.6666666666666666,Urban,Married,0.14285714285714285,0.7625950603849155,0.6828386154729901,0.6405318660265087,0.9533688622609937,0.75,1.0,No,No,0.0,1.0962260051181365
P1458,0.13793103448275845,Male,0.0,Rural,Widowed,0.14285714285714285,0.5308475620020957,0.40162808220602775,0.9538607185154193,0.0631506725088901,1.0,0.7000000000000001,No,No,0.0,0.20600781536603296
P1459,0.7931034482758621,Female,0.6666666666666666,Rural,Single,0.8571428571428571,0.4368654507973867,0.5139358993703768,0.6725157251961189,0.6379516313018516,0.25,0.9,No,No,0.0,1.4950944884447086
P1460,0.96551724137931,Female,1.0,Rural,Married,0.42857142857142855,0.6621073453296028,0.6354771654902683,0.6366958979111856,0.07426296021895938,0.5,0.6000000000000001,No,No,0.0,0.5028343887903879
P1461,0.5517241379310343,Female,1.0,Rural,Single,0.14285714285714285,0.44039320715597674,0.35699448187597393,0.4821166174117861,0.4436210624791506,0.5,1.0,Yes,Yes,0.0,0.5864782053362935
P1462,0.4482758620689653,Male,0.3333333333333333,Urban,Single,0.42857142857142855,0.4892191349375169,0.33598849424340915,0.947506232428516,0.4766534416729685,0.0,0.2,Yes,No,0.0,0.905224870244397
P1463,0.6896551724137931,Male,1.0,Rural,Married,0.2857142857142857,0.5835018200053063,0.44947060920556947,0.4931836879565235,0.0912943275080576,1.0,0.7000000000000001,Yes,Yes,0.0,0.3770086132223433
P1464,0.068965517241379,Male,0.0,Urban,Married,0.14285714285714285,0.35225347702095655,0.48182165565784907,0.5929374913862,0.22352004311069035,0.75,0.30000000000000004,No,No,0.0,0.3663771859678332
P1465,0.9310344827586206,Female,0.0,Rural,Married,0.2857142857142857,0.07069426709901716,0.10927725660305265,0.5043340458477257,0.4876284737402055,0.25,0.1,Yes,Yes,0.0,0.7733427594544913
P1466,0.0,Female,0.6666666666666666,Urban,Widowed,0.42857142857142855,0.3441532957783303,0.4174046593219546,0.6428209885104612,0.44335240266263304,0.25,1.0,Yes,No,0.0,0.8719238312340616
P1467,0.6551724137931032,Female,0.3333333333333333,Urban,Single,0.14285714285714285,0.5455001548965642,0.36351247101032824,0.958256294983298,0.1559567451565214,0.25,0.4,No,No,0.0,0.29881388801366426
P1468,0.96551724137931,Male,0.3333333333333333,Urban,Married,0.8571428571428571,0.5337584829530299,0.22008748379812493,0.39996919275408355,0.23301926858671004,0.5,0.0,Yes,Yes,0.0,1.090162125729567
P1469,0.6896551724137931,Male,0.6666666666666666,Urban,Divorced,0.2857142857142857,0.6404450182354336,0.3509435654222385,0.643864355047634,0.04215323462734349,0.75,0.7000000000000001,Yes,No,0.0,0.3278675203416292
P1470,0.7586206896551722,Female,0.0,Urban,Single,0.0,0.350528161021748,0.15175912147950443,0.7105476024290005,0.11156010175217661,0.25,0.7000000000000001,No,No,0.0,0.11156010175217661
P1471,0.0,Male,0.3333333333333333,Rural,Divorced,0.2857142857142857,0.6801542071577938,0.08892223093205742,0.42242136133061586,0.31159018328116667,0.25,0.2,Yes,No,0.0,0.5973044689954523
P1472,0.068965517241379,Male,0.3333333333333333,Rural,Widowed,0.42857142857142855,0.44751130507532666,0.3757905908438234,0.6027859904475681,0.6384868245803158,0.0,0.0,No,No,0.0,1.0670582531517443
P1473,0.5862068965517238,Male,0.6666666666666666,Rural,Married,0.14285714285714285,0.5174021937606136,0.5276503678901049,1.0,0.6689855744389981,1.0,0.30000000000000004,No,No,0.0,0.8118427172961409
P1474,0.8275862068965516,Male,0.6666666666666666,Urban,Divorced,0.42857142857142855,0.5672687930490509,0.3004925930630259,0.19349104040410509,0.842000386987554,1.0,0.8,Yes,Yes,0.0,1.2705718155589825
P1475,0.31034482758620685,Female,0.3333333333333333,Rural,Widowed,0.0,0.18638906218438367,0.1889583156713316,0.5160689716396203,0.5030035985478521,1.0,0.8,Yes,No,0.0,0.5030035985478521
P1476,0.7241379310344827,Male,0.3333333333333333,Urban,Married,0.14285714285714285,0.2491838012288461,0.21721840262036374,0.6769068439398114,0.446234934410602,0.0,0.0,Yes,Yes,0.0,0.5890920772677448
P1477,0.8620689655172411,Male,0.0,Urban,Divorced,0.2857142857142857,0.24365158048879232,0.46344445777573695,0.5269049258303038,0.5200553243041426,0.5,1.0,No,Yes,0.0,0.8057696100184283
P1478,0.068965517241379,Male,0.0,Rural,Divorced,0.14285714285714285,0.5953695308081365,0.6667973123531995,1.0,0.5177482334877744,0.0,0.6000000000000001,No,Yes,0.0,0.6606053763449173
P1479,0.2413793103448274,Male,0.6666666666666666,Rural,Widowed,0.14285714285714285,0.3657572313767955,0.5037193075322356,0.7482876572253747,0.012065044008325218,0.25,0.5,Yes,Yes,0.0,0.15492218686546808
P1480,0.4482758620689653,Female,0.3333333333333333,Urban,Married,0.42857142857142855,0.7545969955541195,0.600143981681556,0.3668653171412973,0.8553364835068752,0.75,0.6000000000000001,Yes,Yes,0.0,1.2839079120783037
P1481,0.7931034482758621,Female,0.0,Urban,Married,0.42857142857142855,0.4172293291487098,0.17315932767815134,0.057431571609123155,0.0,0.25,0.6000000000000001,No,Yes,0.0,0.42857142857142855
P1482,0.5862068965517238,Male,0.6666666666666666,Rural,Divorced,0.14285714285714285,0.17143769198641656,0.35019456059367193,0.6983874062184252,0.6772921012349314,0.25,0.7000000000000001,Yes,Yes,0.0,0.8201492440920743
P1483,0.4827586206896548,Male,0.6666666666666666,Rural,Divorced,0.0,0.304597081549136,0.5488528818953468,0.4360000154913933,0.4145054262170592,0.75,0.7000000000000001,Yes,Yes,0.0,0.4145054262170592
P1484,0.7241379310344827,Male,0.6666666666666666,Rural,Divorced,0.2857142857142857,0.4362293938698879,0.10924043977686682,0.925513748862832,0.13884644841237626,1.0,0.9,No,No,0.0,0.42456073412666195
P1485,0.7586206896551722,Male,0.3333333333333333,Rural,Married,0.7142857142857142,0.5025316440322468,0.24393214297701615,0.5511056359875388,0.5287705140759554,0.0,1.0,Yes,Yes,0.0,1.2430562283616697
P1486,0.0344827586206895,Male,0.3333333333333333,Urban,Widowed,0.0,0.25252704531960435,0.5349125740075512,0.48083699975652533,0.3725207779306081,0.5,0.1,Yes,No,0.0,0.3725207779306081
P1487,0.896551724137931,Male,0.3333333333333333,Rural,Widowed,0.14285714285714285,0.5114134619677119,0.4106228674160638,0.47679174858068235,0.23674635738292935,0.25,0.30000000000000004,Yes,Yes,0.0,0.37960350024007217
P1488,0.31034482758620685,Female,0.0,Rural,Married,0.2857142857142857,0.5559237928409929,0.18816164867587581,0.8531134286695792,0.06860633128671052,0.25,0.30000000000000004,Yes,Yes,0.0,0.3543206170009962
P1489,0.0344827586206895,Male,0.6666666666666666,Rural,Single,0.14285714285714285,0.3098420667407782,0.0671233805078345,0.7164180149354427,0.048391830475079715,0.5,1.0,No,No,0.0,0.19124897333222257
P1490,0.8620689655172411,Female,1.0,Urban,Widowed,0.42857142857142855,0.7448595353431912,0.6067845784300011,1.0,0.2539771931882239,0.0,0.9,No,Yes,0.0,0.6825486217596525
P1491,0.5517241379310343,Female,0.6666666666666666,Urban,Divorced,0.2857142857142857,0.32789016277490723,0.0,0.5654134511502205,0.30784514683933584,0.25,0.7000000000000001,No,No,0.0,0.5935594325536215
P1492,0.2413793103448274,Male,0.6666666666666666,Urban,Single,0.2857142857142857,0.2500203209640761,0.47861730526732826,0.8233694080810305,0.10972724444710208,0.5,0.2,No,Yes,0.0,0.3954415301613878
P1493,0.0,Female,0.3333333333333333,Urban,Single,0.5714285714285714,0.16179624754557653,0.266719193566055,0.8274628215059567,0.4101976796145548,0.25,0.2,Yes,No,0.0,0.9816262510431262
P1494,0.2758620689655169,Female,0.6666666666666666,Rural,Widowed,0.5714285714285714,0.6201067831153603,0.5540124211569729,0.7782454757457167,0.14398514291993622,1.0,0.1,Yes,No,0.0,0.7154137143485076
P1495,0.34482758620689635,Female,0.3333333333333333,Urban,Single,0.0,0.42048047955765055,0.17415485458019941,0.4948420289039512,0.4875970185930897,1.0,0.0,Yes,Yes,0.0,0.4875970185930897
P1496,0.7241379310344827,Female,0.6666666666666666,Rural,Single,0.42857142857142855,0.3367856684226017,0.8390543518839583,0.7302629074539595,0.6971667950756991,0.25,0.7000000000000001,Yes,Yes,0.0,1.1257382236471276
P1497,0.5172413793103448,Female,0.3333333333333333,Rural,Widowed,0.42857142857142855,0.17097692742802884,0.43678161012516037,0.5936334952332232,0.4705538934629771,0.25,0.8,No,Yes,0.0,0.8991253220344056
P1498,0.2068965517241379,Female,0.0,Rural,Widowed,0.14285714285714285,0.35179151273883924,0.46673985796101636,0.5873428177027391,0.37836741118975203,1.0,0.8,Yes,Yes,0.0,0.5212245540468949
P1499,0.96551724137931,Male,0.3333333333333333,Rural,Single,0.5714285714285714,0.813574231279352,0.22308232967693764,0.42398286992681206,0.27226352107255547,0.25,1.0,Yes,No,0.0,0.8436920925011269
P1500,0.31034482758620685,Female,1.0,Urban,Divorced,0.42857142857142855,0.05925208270648041,0.3393853937820316,0.10924861697109739,0.7488206214694356,0.0,0.7000000000000001,No,No,0.0,1.1773920500408641
P1501,0.7586206896551722,Female,0.3333333333333333,Urban,Married,0.14285714285714285,0.311390266494575,0.3441001685897854,0.9158116339179092,0.35438772543631775,0.0,0.4,No,No,0.0,0.4972448682934606
P1502,0.8620689655172411,Female,0.0,Urban,Single,0.14285714285714285,0.7154639950070353,0.690194241682124,0.72024294803791,1.0,0.75,0.0,No,No,0.0,1.1428571428571428
P1503,0.068965517241379,Male,0.3333333333333333,Rural,Single,0.14285714285714285,0.624828841178254,0.4364685038959609,0.2953174248218707,0.11634437528105057,0.0,0.8,Yes,No,0.0,0.2592015181381934
P1504,0.5862068965517238,Female,0.6666666666666666,Rural,Divorced,0.14285714285714285,0.32156238861978637,0.4625144920733161,0.7887556262581517,0.4706821062396346,0.25,0.5,No,No,0.0,0.6135392490967775
P1505,0.8275862068965516,Male,0.6666666666666666,Rural,Single,0.14285714285714285,0.45059918282255096,0.46048161390579334,0.92054251261557,0.7407917813880038,0.25,0.6000000000000001,Yes,No,0.0,0.8836489242451466
P1506,0.7931034482758621,Female,0.6666666666666666,Rural,Single,0.14285714285714285,0.49382290078240165,0.47792925437901757,0.8031109772265115,0.2349184680314641,0.5,0.7000000000000001,Yes,Yes,0.0,0.37777561088860695
P1507,0.4137931034482758,Male,0.0,Rural,Married,0.14285714285714285,0.4389730969678781,0.11100845277403815,0.40343331395978194,0.3441376038539867,0.0,0.4,No,Yes,0.0,0.4869947467111295
P1508,0.9310344827586206,Male,0.6666666666666666,Urban,Married,0.8571428571428571,0.7140750349348627,0.7362305650975843,0.44165702427374015,0.5515693053945815,1.0,0.5,No,Yes,0.0,1.4087121625374386
P1509,0.8620689655172411,Female,0.3333333333333333,Rural,Married,0.2857142857142857,0.47329236757632553,0.20409298687364352,0.48573942754281035,0.494253322529487,1.0,0.6000000000000001,No,Yes,0.0,0.7799676082437728
P1510,0.2068965517241379,Female,1.0,Urban,Widowed,0.0,0.605919381827173,0.35665375715107517,0.823083386595789,0.5355844136805801,0.75,0.6000000000000001,Yes,Yes,0.0,0.5355844136805801
P1511,0.8275862068965516,Male,0.6666666666666666,Rural,Widowed,0.2857142857142857,0.44693312818260245,0.6420877995493867,0.7315921679898763,0.6800576487965331,0.5,0.1,Yes,Yes,0.0,0.9657719345108188
P1512,0.10344827586206895,Female,0.0,Rural,Married,0.14285714285714285,0.07793519787892245,0.715386417588611,1.0,0.3175240171641048,1.0,1.0,Yes,Yes,0.0,0.4603811600212476
P1513,0.4137931034482758,Male,0.0,Urban,Married,0.2857142857142857,0.21793120777391928,0.5101734690420864,0.22404301012441513,0.7466380476046894,0.75,0.0,No,Yes,0.0,1.032352333318975
P1514,0.6551724137931032,Male,0.0,Urban,Widowed,0.42857142857142855,0.2525203584489958,0.2718736927735369,0.6043225210716074,0.0,0.0,0.7000000000000001,Yes,No,0.0,0.42857142857142855
P1515,0.0,Male,0.3333333333333333,Rural,Divorced,0.2857142857142857,0.3751190237873322,0.38686082780805464,0.1553583974969121,0.6601338788176618,0.5,0.4,Yes,Yes,0.0,0.9458481645319475
P1516,0.2413793103448274,Male,0.3333333333333333,Rural,Single,0.14285714285714285,0.7630690398357322,0.39399405074688276,0.7597699218574323,0.676917612461793,0.5,0.9,Yes,Yes,0.0,0.8197747553189358
P1517,0.4482758620689653,Male,0.6666666666666666,Rural,Single,0.5714285714285714,0.47706857714590856,0.4004346286016608,0.872359914306347,0.21463069637046384,0.25,0.1,Yes,Yes,0.0,0.7860592677990352
P1518,0.5172413793103448,Female,0.3333333333333333,Rural,Married,0.2857142857142857,0.3990353163225392,0.13999035865227927,0.962195863161091,0.05196925288958176,0.0,0.2,No,No,0.0,0.33768353860386746
P1519,0.4482758620689653,Male,0.3333333333333333,Urban,Divorced,0.7142857142857142,0.6230929993592745,0.5927471877082705,0.6620533813328213,0.3450895041914093,0.5,0.5,Yes,Yes,0.0,1.0593752184771235
P1520,0.37931034482758585,Male,0.0,Rural,Widowed,0.0,0.17468605408304194,0.3881070865341417,0.15881714036420896,0.4980813965785795,0.75,0.9,No,No,0.0,0.4980813965785795
P1521,0.6206896551724137,Female,0.0,Urban,Married,0.14285714285714285,0.3350508049752937,0.23232386019092,0.6049090623499016,0.32032782030027945,1.0,0.5,No,No,0.0,0.4631849631574223
P1522,0.7586206896551722,Male,1.0,Rural,Divorced,0.0,0.31044522434332655,0.27301943859137434,0.7214955188977668,0.5216901633871085,0.0,0.7000000000000001,Yes,Yes,0.0,0.5216901633871085
P1523,0.4827586206896548,Female,0.3333333333333333,Urban,Divorced,0.2857142857142857,0.4830069265780229,0.4127000064561296,0.37625635976770927,0.8670929578187518,0.0,0.4,Yes,No,0.0,1.1528072435330374
P1524,0.9310344827586206,Female,0.6666666666666666,Urban,Divorced,0.14285714285714285,0.5659727153923276,0.10856242735301691,0.5534728315351043,0.0726395683040936,0.5,0.4,No,Yes,0.0,0.21549671116123645
P1525,0.0344827586206895,Female,1.0,Rural,Widowed,0.2857142857142857,0.49524759200453816,0.5233518320301739,0.31115521480405567,0.0,0.5,0.6000000000000001,Yes,Yes,0.0,0.2857142857142857
P1526,0.0344827586206895,Male,0.6666666666666666,Urban,Widowed,0.2857142857142857,0.4978860805364854,0.4063146004381347,0.4702176987497066,0.3842701737951261,0.5,0.9,No,Yes,0.0,0.6699844595094118
P1527,0.7586206896551722,Male,1.0,Rural,Single,0.2857142857142857,0.3564818134636757,0.648307203095653,0.8353855934150742,0.23731635552589483,0.75,0.4,Yes,No,0.0,0.5230306412401805
P1528,0.7241379310344827,Male,0.3333333333333333,Urban,Single,0.42857142857142855,0.4701266430193566,0.37774249475173993,0.77976571911948,0.2853940377792182,0.25,0.8,Yes,Yes,0.0,0.7139654663506467
P1529,0.6206896551724137,Female,1.0,Rural,Divorced,0.14285714285714285,0.27669368820326834,0.16631492003899107,0.28286209776073695,0.7057149703770841,0.5,0.5,No,Yes,0.0,0.848572113234227
P1530,0.8275862068965516,Male,0.0,Urban,Divorced,0.14285714285714285,0.5290231558346333,0.14585396547684804,0.4481231815357551,0.3719247266371051,0.25,0.6000000000000001,Yes,Yes,0.0,0.5147818694942479
P1531,0.8620689655172411,Female,0.0,Rural,Widowed,0.42857142857142855,0.33323283255611336,0.29259897928864953,0.630585399867986,0.3939654576304419,0.25,0.7000000000000001,No,No,0.0,0.8225368862018705
P1532,1.0,Male,0.6666666666666666,Rural,Single,0.2857142857142857,0.22974840661660434,0.3118354969779037,0.6711521590086909,0.29586277029813507,0.0,0.4,No,No,0.0,0.5815770560124207
P1533,0.96551724137931,Female,1.0,Urban,Divorced,0.7142857142857142,0.42296990597201434,0.2604978700622579,0.4582005389845955,0.3916065434457905,1.0,1.0,Yes,No,0.0,1.1058922577315047
P1534,0.7241379310344827,Male,1.0,Urban,Single,0.2857142857142857,0.09781397260921865,0.38699646053062453,0.7309930232281661,0.46553262720525734,1.0,0.30000000000000004,No,No,0.0,0.751246912919543
P1536,0.8620689655172411,Male,0.3333333333333333,Urban,Divorced,0.14285714285714285,0.5495164994852831,0.40985561716804375,0.0,0.4682163691244913,0.75,0.9,Yes,Yes,0.0,0.6110735119816342
P1537,0.7241379310344827,Female,1.0,Rural,Widowed,0.2857142857142857,0.47282830837463397,0.26897301533304196,0.480042414937564,0.6806438307309384,1.0,0.8,Yes,No,0.0,0.9663581164452241
P1538,0.5517241379310343,Female,0.3333333333333333,Urban,Divorced,0.2857142857142857,0.1460525424342084,0.4784915832244675,0.47320546638625965,0.44578183549022743,1.0,0.0,No,Yes,0.0,0.7314961212045131
P1539,0.6551724137931032,Male,0.6666666666666666,Rural,Divorced,0.5714285714285714,0.29996830282109754,0.30725476484057757,0.7793133815873055,0.0,0.0,0.2,Yes,No,0.0,0.5714285714285714
P1540,0.31034482758620685,Male,1.0,Urban,Single,0.2857142857142857,0.4234264058119753,0.5902193949577149,0.7835717280965948,0.2645234094838918,0.0,0.30000000000000004,Yes,Yes,0.0,0.5502376951981776
P1541,0.17241379310344795,Female,0.3333333333333333,Rural,Divorced,0.2857142857142857,0.37281587149579865,0.48223539996175513,0.2165686322282238,0.46803672387923406,1.0,0.6000000000000001,No,Yes,0.0,0.7537510095935198
P1542,0.4827586206896548,Female,0.3333333333333333,Rural,Widowed,0.14285714285714285,0.13523917242542138,0.39883369814758274,0.72189820313508,0.574968535487427,0.5,0.5,No,No,0.0,0.7178256783445698
P1543,0.7241379310344827,Female,0.3333333333333333,Rural,Divorced,0.42857142857142855,0.197261832410643,0.3258768606109256,0.5992070308259667,0.45151424695453285,0.5,0.9,No,No,0.0,0.8800856755259614
P1544,0.34482758620689635,Male,0.3333333333333333,Rural,Widowed,0.42857142857142855,0.3694842671810704,0.08745277721297773,0.6471854882691925,0.622344538937082,0.0,0.9,No,Yes,0.0,1.0509159675085105
P1545,0.9310344827586206,Female,1.0,Urban,Widowed,0.5714285714285714,0.20278510023602803,0.6206453463043494,0.4699489439405599,0.049720306873451255,0.25,1.0,Yes,No,0.0,0.6211488783020227
P1546,0.13793103448275845,Male,0.3333333333333333,Urban,Single,0.7142857142857142,0.6452312206472103,0.23985871301503636,0.6021122255188958,0.41267845896405203,1.0,0.0,Yes,Yes,0.0,1.1269641732497662
P1547,0.0,Female,1.0,Rural,Married,0.0,0.4990897265676387,0.38013311534585814,0.8923358778435213,0.7204014015027403,0.75,0.30000000000000004,Yes,Yes,0.0,0.7204014015027403
P1548,0.2413793103448274,Male,0.0,Urban,Married,0.0,0.2827559817934948,0.42614624064288764,0.6437763642079009,0.16721794303879373,0.5,0.5,Yes,Yes,0.0,0.16721794303879373
P1549,0.6896551724137931,Female,1.0,Urban,Single,0.42857142857142855,0.6115258046692856,0.33027062553126185,0.6067578891838299,0.670515169179948,0.25,0.2,No,Yes,0.0,1.0990865977513766
P1550,0.9310344827586206,Female,0.3333333333333333,Rural,Divorced,0.0,0.5779510981122816,0.6099274644287324,0.5021815458258612,0.6580818434280655,0.5,0.1,No,No,0.0,0.6580818434280655
P1551,0.37931034482758585,Female,0.0,Urban,Single,0.2857142857142857,0.4648263927311532,0.14156892410750055,0.8688550106590465,0.10335658829356018,0.25,0.1,Yes,Yes,0.0,0.3890708740078459
P1552,0.37931034482758585,Female,0.0,Urban,Widowed,0.5714285714285714,0.410068961089341,0.6788972376340613,0.3102601912372496,0.4822222897254242,1.0,0.9,No,Yes,0.0,1.0536508611539956
P1553,0.13793103448275845,Female,0.6666666666666666,Urban,Married,0.42857142857142855,0.36692103196169346,0.4857377377287847,0.424902436686792,0.43914572278734926,1.0,0.30000000000000004,No,Yes,0.0,0.8677171513587778
P1554,0.2068965517241379,Male,0.6666666666666666,Rural,Single,0.0,0.32667688203639056,0.31883262057555084,0.29651141092308236,0.3585141330712179,1.0,0.0,No,No,0.0,0.3585141330712179
P1555,0.10344827586206895,Female,1.0,Urban,Divorced,0.0,0.19386801346535776,0.3208672738306747,0.6649655576243096,0.033625481918417806,0.0,0.9,No,Yes,0.0,0.033625481918417806
P1556,0.17241379310344795,Female,0.0,Rural,Single,0.2857142857142857,0.6713881258496665,0.0,0.8993800224001067,0.33765790790682915,0.25,0.1,No,No,0.0,0.6233721936211148
P1557,0.4137931034482758,Female,0.0,Urban,Married,0.2857142857142857,0.3299144635381307,0.2094122236057997,0.5381933460146591,0.36334149765878415,0.75,0.9,Yes,No,0.0,0.6490557833730699
P1558,0.6551724137931032,Male,0.6666666666666666,Urban,Single,0.14285714285714285,0.4213667682853889,0.2992902263612648,0.3608709213454247,0.0,0.75,0.1,Yes,No,0.0,0.14285714285714285
P1559,1.0,Female,0.3333333333333333,Urban,Single,0.2857142857142857,0.26495869061656374,0.395655450187438,1.0,0.0869676587704262,1.0,0.30000000000000004,No,No,0.0,0.3726819444847119
P1560,0.4827586206896548,Male,0.3333333333333333,Rural,Married,0.0,0.373424913898445,0.5926511353549503,0.7249655829046453,0.17793860176969511,0.75,0.30000000000000004,No,No,0.0,0.17793860176969511
P1561,0.068965517241379,Female,1.0,Rural,Widowed,0.42857142857142855,0.8917962373116238,0.7340992045143547,0.6833629193425526,0.14876146240349417,0.5,0.0,Yes,No,0.0,0.5773328909749227
P1562,0.7586206896551722,Female,1.0,Urban,Widowed,0.0,0.29566701604246226,0.4131394725095586,0.5713791400958592,0.47942977204625714,0.25,0.6000000000000001,Yes,No,0.0,0.47942977204625714
P1563,0.2413793103448274,Male,1.0,Rural,Married,0.0,0.6580992957569253,0.40101987493508473,0.7770963958717576,0.6202177393431763,0.25,0.6000000000000001,No,Yes,0.0,0.6202177393431763
P1564,0.6551724137931032,Female,0.6666666666666666,Urban,Single,0.14285714285714285,0.4120324138076835,0.27448149681602396,0.6796114306470664,0.3262350880576592,0.25,0.9,No,Yes,0.0,0.46909223091480207
P1565,0.5172413793103448,Male,0.3333333333333333,Rural,Married,0.2857142857142857,0.5299897439157742,0.05179997394129643,0.501687115077043,0.5852827413364506,0.5,1.0,No,No,0.0,0.8709970270507363
P1566,0.4137931034482758,Male,0.3333333333333333,Rural,Widowed,0.14285714285714285,0.6240967092327087,0.2534933588717786,0.5417830323391564,0.6300755727831517,0.0,0.9,Yes,No,0.0,0.7729327156402945
P1567,0.5862068965517238,Female,0.6666666666666666,Urban,Divorced,0.5714285714285714,0.46204456406766636,0.3262725309552684,0.37272706769450564,0.38042227601046036,0.5,0.9,No,No,0.0,0.9518508474390317
P1568,0.9310344827586206,Male,1.0,Urban,Single,0.7142857142857142,0.3580488072699516,0.5409808037573022,0.3428756340089721,0.4991015370957781,0.25,0.0,No,Yes,0.0,1.2133872513814923
P1569,0.31034482758620685,Female,0.0,Urban,Widowed,0.14285714285714285,0.38565150361959344,0.45809355119671735,0.5458893172323274,0.34721182290751207,0.25,1.0,No,No,0.0,0.4900689657646549
P1570,1.0,Female,0.3333333333333333,Urban,Single,0.2857142857142857,0.3912619197256103,0.40391731343655646,0.8932667886328816,0.13082781946511804,0.25,0.7000000000000001,No,Yes,0.0,0.4165421051794037
P1571,0.6206896551724137,Male,0.0,Rural,Married,0.42857142857142855,0.7273950928192353,0.25803634663831765,0.36930890234463826,0.22129695926245957,0.75,0.9,No,Yes,0.0,0.6498683878338881
P1572,0.5517241379310343,Male,0.6666666666666666,Rural,Divorced,0.42857142857142855,0.16931237047326841,0.003251500173794275,0.8171659894775429,0.4794003725708872,0.0,0.6000000000000001,No,No,0.0,0.9079718011423157
P1573,0.7931034482758621,Male,1.0,Rural,Married,0.2857142857142857,0.12154550703453448,0.014226172957699346,0.4256290388266794,0.3717531525240515,0.5,0.6000000000000001,No,Yes,0.0,0.6574674382383372
P1574,0.6206896551724137,Male,0.6666666666666666,Urban,Divorced,0.0,0.13265784713370532,0.061138824192361385,0.189154111870609,0.5782783338844817,0.25,1.0,No,No,0.0,0.5782783338844817
P1575,0.9310344827586206,Female,0.3333333333333333,Urban,Single,0.0,0.267678094404596,0.31054424069005127,0.7477870196278535,0.0,1.0,0.5,Yes,No,0.0,0.0
P1576,0.8620689655172411,Female,1.0,Rural,Single,0.0,0.5333471795330605,0.5443717159487255,1.0,0.004834166606503385,0.0,0.30000000000000004,Yes,No,0.0,0.004834166606503385
P1577,0.7586206896551722,Male,0.6666666666666666,Urban,Married,0.42857142857142855,0.5435698820673666,0.539466467265615,0.4120295028893766,0.03330417656988696,1.0,1.0,Yes,Yes,0.0,0.46187560514131554
P1578,0.8620689655172411,Female,0.0,Rural,Divorced,0.14285714285714285,0.31541622643221534,0.5079483203777156,0.2410457507985308,0.4410315529630782,0.0,0.7000000000000001,No,No,0.0,0.5838886958202211
P1579,0.13793103448275845,Female,0.3333333333333333,Rural,Divorced,0.7142857142857142,0.41191807872336017,0.26998263936035627,0.7258351080084593,0.06941813171491294,0.25,0.1,Yes,Yes,0.0,0.7837038460006271
P1580,0.8620689655172411,Female,0.3333333333333333,Rural,Single,0.2857142857142857,0.23061689415202757,0.5716842120212927,0.39588272451340895,0.4779524162769105,0.0,0.6000000000000001,Yes,No,0.0,0.7636667019911962
P1581,0.6896551724137931,Female,0.0,Rural,Married,0.42857142857142855,0.24607461876560532,0.19435080431093732,0.7454039546511295,0.5820881306952866,0.0,0.2,Yes,No,0.0,1.0106595592667151
P1582,1.0,Male,1.0,Rural,Divorced,0.5714285714285714,0.5133111398352576,0.5187988070652502,0.8926118830653986,0.7656964943841915,0.25,0.2,Yes,No,0.0,1.337125065812763
P1583,0.7586206896551722,Male,0.3333333333333333,Urban,Single,0.0,0.5912806768513995,0.05916794185671714,0.6960749275722324,0.7391520801687365,1.0,0.6000000000000001,Yes,No,0.0,0.7391520801687365
P1584,0.2758620689655169,Female,1.0,Urban,Widowed,0.0,0.3371968625949763,0.14961595565686936,0.8107968060936075,0.2336474885606071,1.0,0.2,No,No,0.0,0.2336474885606071
P1585,0.37931034482758585,Male,0.3333333333333333,Urban,Married,0.0,0.6891691868051338,0.664111829267375,0.8124354108230789,0.0,0.75,0.4,Yes,Yes,0.0,0.0
P1586,0.6896551724137931,Male,0.0,Rural,Widowed,0.14285714285714285,0.5776008914643517,0.3265755247583265,0.8539364698633731,0.24891795500357514,1.0,0.7000000000000001,No,No,0.0,0.39177509786071796
P1587,0.0,Male,0.3333333333333333,Rural,Married,0.14285714285714285,0.6819543087092587,0.23982366192428184,0.6277407097993255,0.6359326639869695,1.0,0.30000000000000004,No,No,0.0,0.7787898068441124
P1588,0.8620689655172411,Female,0.0,Rural,Single,0.14285714285714285,0.36651032181751375,0.5641379470301188,0.8034483259397425,0.30719515349272164,0.0,0.6000000000000001,Yes,No,0.0,0.4500522963498645
P1589,0.8620689655172411,Female,0.3333333333333333,Rural,Divorced,0.14285714285714285,0.6701143742721077,0.5849766588285948,0.6562783071570206,0.39509005564897737,0.75,0.6000000000000001,No,Yes,0.0,0.5379471985061202
P1590,0.0,Female,1.0,Urban,Divorced,0.2857142857142857,0.779923773329296,0.28485803489105044,0.7106088172681626,0.26690766508284924,0.25,0.1,Yes,No,0.0,0.5526219507971349
P1591,0.4827586206896548,Male,0.6666666666666666,Urban,Divorced,0.14285714285714285,0.34791374444066336,0.4142660823531156,1.0,0.7813218740721994,0.25,0.7000000000000001,No,No,0.0,0.9241790169293422
P1592,0.0344827586206895,Female,0.6666666666666666,Rural,Married,0.14285714285714285,0.3909718269386523,0.38852862280129885,0.6747618170055323,0.1568975441428105,0.5,0.9,No,No,0.0,0.29975468699995333
P1593,1.0,Female,0.0,Rural,Single,0.42857142857142855,0.2587135829322669,0.0,0.2583111011221238,0.4170021389740613,0.75,0.9,Yes,No,0.0,0.8455735675454898
P1594,0.7241379310344827,Male,0.0,Rural,Widowed,0.14285714285714285,0.22596415063986208,0.1098436220429585,0.5696484299903111,0.667543507705717,0.0,0.8,No,Yes,0.0,0.8104006505628598
P1595,0.5172413793103448,Female,0.0,Urban,Single,0.2857142857142857,0.22790810978895082,0.5349553480331047,0.5425676053929107,0.8439520335670534,0.5,0.5,No,No,0.0,1.129666319281339
P1596,0.8275862068965516,Female,0.6666666666666666,Urban,Widowed,0.14285714285714285,0.2814223113687846,0.2122537729013182,0.5535171404104793,0.23379604979973237,0.5,0.4,No,Yes,0.0,0.37665319265687525
P1597,0.2413793103448274,Male,0.0,Urban,Married,0.2857142857142857,0.46245632983092866,0.4599705265572841,0.8451963401503428,0.6320764447731411,0.25,0.0,No,Yes,0.0,0.9177907304874268
P1598,0.4137931034482758,Male,0.3333333333333333,Rural,Married,0.42857142857142855,0.28846674342977463,0.41146190024464235,0.8876106745059162,0.24884025384271893,1.0,0.0,No,Yes,0.0,0.6774116824141475
P1599,0.6896551724137931,Male,0.6666666666666666,Rural,Widowed,0.42857142857142855,0.457360425764478,0.5846241400232511,0.5916240275279485,0.7322364100415908,0.0,0.8,No,Yes,0.0,1.1608078386130194
P1600,0.0,Female,0.3333333333333333,Urban,Widowed,0.0,0.4608075251991587,0.11567427483493498,0.2836630212574907,0.8169889884276756,0.75,0.30000000000000004,No,No,0.0,0.8169889884276756
P1601,0.5172413793103448,Female,0.0,Rural,Widowed,0.2857142857142857,0.3383126010209371,0.4353101529020459,0.6406422142738601,0.18693583068903208,0.5,0.0,No,No,0.0,0.4726501164033178
P1602,0.96551724137931,Female,0.3333333333333333,Urban,Single,0.0,0.40622714923844916,0.35174282579355565,0.4868138040143341,0.5581408043143242,0.0,1.0,Yes,Yes,0.0,0.5581408043143242
P1603,0.2068965517241379,Male,1.0,Rural,Widowed,0.42857142857142855,0.3286812678856146,0.22004102896819144,0.6672926824746557,0.6687578689549617,0.25,0.9,No,Yes,0.0,1.0973292975263902
P1604,0.13793103448275845,Male,0.6666666666666666,Urban,Married,0.42857142857142855,0.3648767044539246,0.21876428904013856,0.5879544062428339,0.33015045686547967,0.5,0.2,Yes,Yes,0.0,0.7587218854369082
P1605,0.7241379310344827,Female,0.3333333333333333,Rural,Married,0.14285714285714285,0.28185617092263093,0.404996523786484,0.9081454658387673,0.5327013393751906,0.5,0.5,Yes,No,0.0,0.6755584822323335
P1606,0.96551724137931,Female,0.0,Urban,Divorced,0.0,0.43068411496380266,0.47812184928214385,0.6827126110025767,0.5452835378145685,0.25,1.0,No,Yes,0.0,0.5452835378145685
P1607,0.7586206896551722,Male,1.0,Urban,Widowed,0.14285714285714285,0.31657568909002787,0.3751993240989627,0.4875792771476099,0.8843910736816247,0.25,1.0,No,Yes,0.0,1.0272482165387675
P1608,0.068965517241379,Male,0.6666666666666666,Urban,Single,0.14285714285714285,0.22232235401036748,0.3808571367013235,0.285181494641317,0.0,0.25,0.7000000000000001,Yes,Yes,0.0,0.14285714285714285
P1609,0.37931034482758585,Male,0.3333333333333333,Urban,Single,0.14285714285714285,0.5155714814747562,0.27300101744799565,0.605420098047821,0.387489924626535,0.0,0.9,Yes,Yes,0.0,0.5303470674836779
P1610,0.8620689655172411,Male,1.0,Urban,Single,0.2857142857142857,0.5212152002142442,0.2850571241727774,0.6062764846925148,0.1001742216715923,0.0,0.1,Yes,Yes,0.0,0.385888507385878
P1611,0.5172413793103448,Female,0.3333333333333333,Urban,Divorced,0.5714285714285714,0.6019497559406847,0.21955084393492774,0.5540756895712067,0.4042600514164287,0.0,0.7000000000000001,No,No,0.0,0.9756886228450001
P1612,0.6206896551724137,Male,0.6666666666666666,Rural,Married,0.2857142857142857,0.24593377089930357,0.2693451542372677,0.8025498321302447,0.2126129317355373,1.0,0.0,No,Yes,0.0,0.498327217449823
P1613,0.13793103448275845,Female,0.6666666666666666,Rural,Single,0.42857142857142855,0.33651211554816884,0.471759198515454,0.28584081962341606,0.3396167078508866,0.5,1.0,No,No,0.0,0.7681881364223151
P1614,0.7241379310344827,Female,0.3333333333333333,Rural,Married,0.2857142857142857,0.4550825675149538,0.49207374989706343,0.4343419945226719,0.1906519641937159,0.0,0.1,Yes,No,0.0,0.4763662499080016
P1615,0.8275862068965516,Female,1.0,Urban,Divorced,0.42857142857142855,0.33299335386462336,0.13165897894433853,0.6295859372575514,0.4383166081932467,1.0,0.7000000000000001,No,No,0.0,0.8668880367646752
P1616,0.96551724137931,Male,0.6666666666666666,Urban,Widowed,0.42857142857142855,0.5118186639679704,0.20064787722152755,0.4829543580593187,0.6592814687167986,0.5,0.6000000000000001,No,No,0.0,1.087852897288227
P1617,0.4482758620689653,Male,0.6666666666666666,Rural,Widowed,0.0,0.4996554812473225,0.23447308660560162,0.5315100098883767,0.31127399118117594,0.0,0.4,No,No,0.0,0.31127399118117594
P1618,0.9310344827586206,Male,0.0,Urban,Widowed,0.14285714285714285,0.49654922603184437,0.3519932978606518,0.6024901749641713,0.7450975469604417,0.25,0.9,No,Yes,0.0,0.8879546898175845
P1619,0.13793103448275845,Male,0.0,Urban,Single,0.2857142857142857,0.6599445388840443,0.05760858072065389,0.781154874238847,0.6520796041063001,0.75,0.1,Yes,No,0.0,0.9377938898205858
P1620,0.4827586206896548,Female,0.3333333333333333,Urban,Widowed,0.42857142857142855,0.5240128457430749,0.2038350822293925,0.5928359111351167,0.890265388508843,0.0,0.8,No,No,0.0,1.3188368170802716
P1621,0.5517241379310343,Male,0.6666666666666666,Urban,Single,0.0,0.4423151852469046,0.1117124521778049,0.1453193949160982,0.4998985917466828,0.75,0.4,No,Yes,0.0,0.4998985917466828
P1622,1.0,Male,0.3333333333333333,Urban,Divorced,0.14285714285714285,0.38441075223391075,0.436451297129112,0.4725898315201906,0.3861113606123082,0.0,0.7000000000000001,Yes,No,0.0,0.5289685034694511
P1623,0.4482758620689653,Female,0.6666666666666666,Rural,Divorced,0.5714285714285714,0.3960226486371975,0.35824091957595183,0.7356203957886538,0.01958903445518815,0.25,0.30000000000000004,No,Yes,0.0,0.5910176058837595
P1624,1.0,Male,0.6666666666666666,Rural,Single,0.2857142857142857,0.23929830769332106,0.27953681355593274,0.7995210473580381,0.21289460405886984,0.75,0.8,Yes,Yes,0.0,0.49860888977315554
P1625,0.6551724137931032,Female,0.0,Rural,Married,0.14285714285714285,0.12238163550832992,0.17031322167854168,0.8127336715287055,0.3509266594858812,1.0,0.9,Yes,Yes,0.0,0.49378380234302405
P1626,0.13793103448275845,Female,0.6666666666666666,Rural,Widowed,0.14285714285714285,0.49395935462184404,0.282346099765601,0.8805682193820865,0.37940851628447964,0.25,0.6000000000000001,No,Yes,0.0,0.5222656591416225
P1627,0.37931034482758585,Female,0.0,Rural,Widowed,0.14285714285714285,0.6206054895938443,0.26096506986219603,0.6452731494983199,0.9659598018138028,0.75,0.1,Yes,Yes,0.0,1.1088169446709457
P1628,0.5172413793103448,Female,1.0,Urban,Widowed,0.42857142857142855,0.36164751278287743,0.6608484640945219,0.6799249409805335,0.351149472176137,0.75,0.2,No,No,0.0,0.7797209007475656
P1629,0.8620689655172411,Female,0.3333333333333333,Urban,Single,0.14285714285714285,0.6811823598387662,0.5449126748330492,0.37415842625084367,0.0,0.25,0.1,Yes,Yes,0.0,0.14285714285714285
P1630,0.8620689655172411,Female,0.0,Urban,Divorced,0.2857142857142857,0.38724792781975503,0.23805310437656002,0.09626289054062448,0.5608127168999347,0.25,0.4,Yes,Yes,0.0,0.8465270026142204
P1631,0.5172413793103448,Female,0.3333333333333333,Urban,Widowed,0.7142857142857142,0.09103800314783184,0.3936718801731741,0.2775077629525869,0.5468426310151576,0.25,0.1,No,No,0.0,1.2611283453008717
P1632,0.6896551724137931,Female,0.3333333333333333,Rural,Divorced,0.0,0.5697082089549338,0.5353106630156356,0.44887680254679146,0.2905385596896987,0.5,0.4,Yes,No,0.0,0.2905385596896987
P1633,0.2068965517241379,Male,0.6666666666666666,Rural,Widowed,0.42857142857142855,0.3367852937936425,0.2379974204915839,0.29136535519270385,0.9127825657280197,1.0,0.8,No,No,0.0,1.3413539942994483
P1634,0.10344827586206895,Male,0.6666666666666666,Rural,Widowed,0.2857142857142857,0.5847964462533358,0.10597986527758718,0.5467812457116596,0.0,0.0,0.1,No,No,0.0,0.2857142857142857
P1635,0.0,Male,0.6666666666666666,Urban,Single,0.14285714285714285,0.20374541934472667,0.036934814375886416,0.5062793745802219,0.701515665598546,0.75,0.8,No,Yes,0.0,0.8443728084556887
P1636,1.0,Male,0.0,Rural,Married,0.14285714285714285,0.4853406936912751,0.5949576218026559,0.8414575810975753,0.3309132105603873,0.0,0.6000000000000001,No,No,0.0,0.47377035341753015
P1637,1.0,Female,0.0,Urban,Single,0.42857142857142855,0.2832564860759481,0.3288977488236514,0.3848780880286142,0.17230400900187026,0.25,0.6000000000000001,Yes,Yes,0.0,0.6008754375732988
P1638,0.13793103448275845,Male,0.0,Rural,Widowed,0.14285714285714285,0.45023414442705934,0.4166045877953998,0.6505751851897934,0.9783911796415221,1.0,0.4,No,No,0.0,1.121248322498665
P1639,0.7586206896551722,Female,0.6666666666666666,Rural,Widowed,0.14285714285714285,0.5444344490958927,0.25922956812380715,0.5164120819511764,0.5781637571774368,1.0,0.7000000000000001,Yes,No,0.0,0.7210209000345797
P1640,0.8620689655172411,Male,1.0,Urban,Married,0.14285714285714285,0.5057335002156477,0.1331092875473302,0.37591342497993224,0.3291469915031612,0.5,0.6000000000000001,No,No,0.0,0.47200413436030403
P1641,0.31034482758620685,Male,0.3333333333333333,Urban,Divorced,0.2857142857142857,0.42822797217168207,0.1670362136656185,0.4426818789548194,0.32425751800254216,0.25,0.5,Yes,No,0.0,0.6099718037168278
P1642,0.7241379310344827,Male,0.0,Rural,Divorced,0.14285714285714285,0.18692348229796285,0.11981185594679833,0.12578803751025686,0.4671967011059203,0.75,0.1,Yes,No,0.0,0.6100538439630632
P1643,0.13793103448275845,Female,0.6666666666666666,Rural,Widowed,0.2857142857142857,0.5383906967586275,0.5181808026307045,0.796090814688962,0.28980873254612577,0.5,0.5,Yes,Yes,0.0,0.5755230182604114
P1644,0.10344827586206895,Male,1.0,Urban,Divorced,0.42857142857142855,0.5885717396659332,0.6350111196967364,0.9526559074445782,0.713580314812481,0.25,0.1,Yes,Yes,0.0,1.1421517433839095
P1645,0.0344827586206895,Female,0.6666666666666666,Rural,Widowed,0.2857142857142857,0.24283382930724284,0.3704079931772769,0.5528772667717603,0.4220347116665282,0.5,0.0,No,Yes,0.0,0.7077489973808139
P1646,0.6551724137931032,Female,1.0,Rural,Married,0.42857142857142855,0.26732846428233337,0.08767289214538199,0.6238742717704389,0.6457305418273878,0.0,0.8,No,No,0.0,1.0743019703988164
P1647,0.31034482758620685,Male,0.3333333333333333,Urban,Married,0.2857142857142857,0.5955928930054853,0.453924398333747,0.54607950758563,0.4509604083068274,0.25,0.4,Yes,Yes,0.0,0.7366746940211131
P1648,0.8620689655172411,Male,0.0,Rural,Widowed,0.14285714285714285,0.38192640623845564,0.5936335754531895,0.42056360831111633,0.6101920895798358,0.75,0.9,Yes,No,0.0,0.7530492324369786
P1649,0.6206896551724137,Male,1.0,Urban,Married,0.2857142857142857,0.2716477770990696,0.5403030486333443,0.7856891346005177,0.7246225175748938,0.75,0.9,No,No,0.0,1.0103368032891795
P1650,0.8620689655172411,Female,0.6666666666666666,Rural,Single,0.42857142857142855,0.46209240225321235,0.35833980936636467,0.6933097386289948,0.8053126596612783,0.25,0.30000000000000004,Yes,Yes,0.0,1.233884088232707
P1652,0.7931034482758621,Female,0.6666666666666666,Rural,Married,0.0,0.4435070219009968,0.35687885068913994,0.36920175010162043,0.19248031477159466,1.0,0.7000000000000001,No,No,0.0,0.19248031477159466
P1653,0.13793103448275845,Female,1.0,Urban,Widowed,0.42857142857142855,0.3477988881922752,0.5864089099957664,0.12535669822850498,0.35942356900306166,0.25,0.4,Yes,No,0.0,0.7879949975744902
P1654,0.4137931034482758,Male,0.6666666666666666,Rural,Widowed,0.14285714285714285,0.36208152998657595,0.5018846232402513,0.9893249684314418,0.3946528828959412,0.75,0.6000000000000001,Yes,Yes,0.0,0.537510025753084
P1655,0.10344827586206895,Male,0.6666666666666666,Urban,Married,0.14285714285714285,0.6017328973095754,0.29349872734121785,0.5757754765566476,0.2630470644979271,0.0,0.2,No,No,0.0,0.40590420735506993
P1656,0.5172413793103448,Female,0.3333333333333333,Rural,Divorced,0.5714285714285714,0.005245886645832143,0.28892449531083686,0.6745465808128206,0.22288594233312595,0.75,0.7000000000000001,Yes,Yes,0.0,0.7943145137616974
P1657,0.7931034482758621,Female,0.6666666666666666,Rural,Single,0.42857142857142855,0.5091251257392074,0.2760554456835115,0.5323274400382259,0.44291935544748273,1.0,0.7000000000000001,No,Yes,0.0,0.8714907840189112
P1658,0.5172413793103448,Female,0.6666666666666666,Rural,Divorced,0.42857142857142855,0.574241796377749,0.17006679389958168,0.8809319232325157,0.1643918784620112,0.75,0.2,No,No,0.0,0.5929633070334397
P1659,0.7586206896551722,Male,1.0,Rural,Widowed,0.2857142857142857,0.3130009764703908,0.6094251337718882,0.8229924918719163,0.11770004108850965,1.0,0.8,No,No,0.0,0.4034143268027953
P1660,0.0344827586206895,Female,1.0,Rural,Widowed,0.14285714285714285,0.5729608923938586,0.2203956822279204,0.5653243681244089,0.0,0.25,0.7000000000000001,No,No,0.0,0.14285714285714285
P1661,0.5517241379310343,Male,1.0,Rural,Divorced,0.14285714285714285,0.2568293388598627,0.45277746648486417,1.0,0.5164926501459696,0.75,0.0,Yes,No,0.0,0.6593497930031125
P1662,0.9310344827586206,Female,0.0,Rural,Married,0.0,0.3066694090560621,0.24337679303312132,0.6612862674609297,0.48303285163077864,0.5,0.7000000000000001,No,Yes,0.0,0.48303285163077864
P1663,0.896551724137931,Female,0.6666666666666666,Rural,Divorced,0.5714285714285714,0.2874721594014942,0.2768683850848431,0.2673219207938022,0.32283534571919453,0.5,1.0,No,No,0.0,0.894263917147766
P1664,0.6551724137931032,Male,0.6666666666666666,Rural,Divorced,0.42857142857142855,0.5752153606004308,0.3429307696867324,0.6408632447175393,0.6401174095483791,0.75,0.30000000000000004,Yes,Yes,0.0,1.0686888381198076
P1665,0.7931034482758621,Female,0.6666666666666666,Urban,Single,0.0,0.12584205222202782,0.4627713499698559,0.7408055291701277,0.16066271614098823,0.75,0.5,No,Yes,0.0,0.16066271614098823
P1666,0.37931034482758585,Male,0.6666666666666666,Urban,Single,0.0,0.6900245376709292,0.31650474876627654,0.5850183403133944,0.49256548899830604,0.0,0.9,Yes,No,0.0,0.49256548899830604
P1667,0.5862068965517238,Male,1.0,Rural,Divorced,0.8571428571428571,0.3658435723143517,0.15650815061503043,0.5183956545052035,0.41397050283467207,0.75,0.8,No,Yes,0.0,1.2711133599775293
P1668,0.068965517241379,Female,0.3333333333333333,Urban,Divorced,0.2857142857142857,0.5191520256928924,0.3671056965598366,1.0,0.22275937761452716,0.0,0.4,No,No,0.0,0.5084736633288128
P1669,0.9310344827586206,Male,0.6666666666666666,Rural,Widowed,0.8571428571428571,0.5047846535606221,0.22424149105606717,0.3329879318440581,0.28245253341262455,0.0,0.6000000000000001,No,No,0.0,1.1395953905554816
P1671,0.0,Female,0.3333333333333333,Urban,Single,0.2857142857142857,0.3165523230870734,0.31637372682316556,1.0,0.4617443403528239,0.0,0.8,Yes,Yes,0.0,0.7474586260671097
P1672,0.96551724137931,Male,0.6666666666666666,Rural,Widowed,0.0,0.6237287604879757,0.24218739307797532,0.32336655297701894,0.5436986062226891,0.25,0.5,Yes,Yes,0.0,0.5436986062226891
P1673,0.6206896551724137,Male,0.6666666666666666,Rural,Married,0.14285714285714285,0.33085812237981593,0.722691054482426,0.5482917702048735,0.2983655335702779,0.5,1.0,Yes,No,0.0,0.44122267642742075
P1674,0.34482758620689635,Male,0.3333333333333333,Urban,Single,0.8571428571428571,0.2947918903798493,0.49797994589863126,0.5265483738223165,0.22963370229156665,0.0,0.30000000000000004,No,No,0.0,1.0867765594344236
P1675,0.13793103448275845,Female,0.0,Urban,Single,0.14285714285714285,0.5629517139205887,0.20058652476286964,0.9118304638291452,0.43395148843467135,0.5,0.5,No,Yes,0.0,0.5768086312918141
P1676,0.37931034482758585,Male,0.6666666666666666,Rural,Married,0.2857142857142857,0.44095826992281173,0.21983380727334467,0.960460076762498,0.003588138624564214,0.0,0.4,No,No,0.0,0.2893024243388499
P1677,0.068965517241379,Female,0.0,Urban,Single,0.14285714285714285,0.6429702625193668,0.4498514511073969,0.3074857922397794,0.40920590914074073,0.5,0.2,Yes,No,0.0,0.5520630519978835
P1678,0.0,Female,0.0,Urban,Single,0.14285714285714285,0.40622215142408347,0.371541145642709,0.9417974813704104,0.7766483613438023,0.75,0.6000000000000001,No,Yes,0.0,0.9195055042009452
P1679,0.0,Male,0.0,Rural,Married,0.5714285714285714,0.30818743788404235,0.5254864623128134,0.9373682374580097,0.2315921984355998,0.75,0.2,Yes,No,0.0,0.8030207698641711
P1680,0.2413793103448274,Male,0.0,Urban,Married,0.7142857142857142,0.46245724550398315,0.24314976345607586,0.62155011401378,0.35839566302270537,0.5,0.1,Yes,Yes,0.0,1.0726813773084196
P1681,0.31034482758620685,Male,0.0,Urban,Divorced,0.42857142857142855,0.34206380731876596,0.49111074996335946,0.8401923364201251,0.6474138427708644,0.0,0.30000000000000004,Yes,Yes,0.0,1.075985271342293
P1682,0.34482758620689635,Female,0.3333333333333333,Rural,Widowed,0.14285714285714285,0.31301291478238236,0.0,0.8642038969899959,0.5824882903900473,0.25,0.6000000000000001,No,Yes,0.0,0.7253454332471903
P1683,0.37931034482758585,Male,0.3333333333333333,Urban,Widowed,0.2857142857142857,0.5553146989426457,0.3355560237711325,0.5564778410756019,0.41581700838823377,0.5,0.4,No,No,0.0,0.7015312941025195
P1684,0.96551724137931,Male,1.0,Urban,Married,0.42857142857142855,0.721925844545838,0.2514219734525943,0.579190242933256,0.3868608428539555,1.0,0.8,No,Yes,0.0,0.8154322714253841
P1685,0.4137931034482758,Male,0.6666666666666666,Rural,Married,0.42857142857142855,0.3755897013469184,0.2809006144241054,0.7580173466787148,0.10370951487984836,0.25,0.9,No,Yes,0.0,0.532280943451277
P1686,0.37931034482758585,Male,0.6666666666666666,Rural,Single,0.42857142857142855,0.25420980228567824,0.34493188252253104,0.22700235672011831,0.5190946253987541,1.0,0.6000000000000001,Yes,Yes,0.0,0.9476660539701827
P1687,0.4482758620689653,Male,0.0,Rural,Divorced,0.42857142857142855,0.3910906083500302,0.570637025380672,0.532204965348603,0.07777247407733662,0.5,0.8,Yes,Yes,0.0,0.5063439026487652
P1688,0.0344827586206895,Female,0.3333333333333333,Urban,Divorced,0.2857142857142857,0.5024668716493205,0.15381093103253685,0.329517122029159,0.0,0.0,0.8,No,No,0.0,0.2857142857142857
P1689,0.96551724137931,Female,0.6666666666666666,Rural,Married,0.42857142857142855,0.4595799214129118,0.0,0.9577597711914045,0.6434544697548017,1.0,0.1,No,Yes,0.0,1.0720258983262303
P1690,0.6206896551724137,Male,0.0,Rural,Single,0.7142857142857142,0.6157052824119521,0.17489935070697926,0.529385477233766,0.49403586478866546,0.5,0.0,No,No,0.0,1.2083215790743798
P1691,0.5862068965517238,Male,0.3333333333333333,Urban,Single,0.0,0.52751497304595,0.5495338058051201,0.6830874770349642,0.6125738448890561,0.25,1.0,Yes,Yes,0.0,0.6125738448890561
P1692,0.068965517241379,Male,0.6666666666666666,Rural,Widowed,0.14285714285714285,0.23276508864834855,0.06454702991062267,0.5646221864334997,0.22376269603122745,0.0,0.30000000000000004,No,No,0.0,0.3666198388883703
P1693,0.7586206896551722,Male,0.6666666666666666,Rural,Widowed,0.42857142857142855,0.33444694155987087,0.25964588353002227,0.5490421247287165,0.5131313085734859,1.0,0.30000000000000004,Yes,No,0.0,0.9417027371449145
P1694,0.5517241379310343,Female,0.0,Rural,Single,0.14285714285714285,0.18652764667077903,0.5162867954203331,0.6674271386382726,0.2953166037775126,0.5,0.1,Yes,No,0.0,0.43817374663465547
P1695,0.8620689655172411,Male,0.3333333333333333,Rural,Widowed,0.0,0.6074465576050313,0.35301299213557213,0.4419798270618543,0.322217780797328,0.0,0.2,Yes,No,0.0,0.322217780797328
P1696,0.2413793103448274,Female,0.6666666666666666,Urban,Married,0.14285714285714285,0.08468545578809994,0.568855767427331,0.5693938769153972,0.635191335152705,0.0,0.2,Yes,Yes,0.0,0.7780484780098478
P1697,0.96551724137931,Female,0.0,Rural,Single,0.42857142857142855,0.20277794489628131,0.0,0.5676315359423192,0.36490626686029776,0.75,0.4,Yes,Yes,0.0,0.7934776954317263
P1698,0.8620689655172411,Male,0.6666666666666666,Rural,Widowed,0.42857142857142855,0.33136625566580447,0.30516198408526984,0.5155866301769236,0.2334150701766897,0.0,0.0,Yes,No,0.0,0.6619864987481182
P1699,0.31034482758620685,Female,0.6666666666666666,Urban,Divorced,0.42857142857142855,0.5106529005174695,0.6067594847918182,0.7105457845827983,0.0724455572385593,0.5,0.8,Yes,No,0.0,0.5010169858099879
P1700,0.8620689655172411,Female,1.0,Rural,Single,0.2857142857142857,0.329724431049058,0.15874879161233346,0.5098928930075732,0.4877097604829564,0.25,0.7000000000000001,No,No,0.0,0.7734240461972421
P1701,1.0,Female,0.3333333333333333,Urban,Single,0.2857142857142857,0.35579509771425133,0.5517836078887429,1.0,0.6558130100328842,0.75,0.7000000000000001,No,Yes,0.0,0.9415272957471699
P1702,0.0344827586206895,Female,1.0,Urban,Divorced,0.2857142857142857,0.3590786877878832,0.32078356671633423,0.7675073094426155,0.21254788612714134,0.5,0.2,No,No,0.0,0.49826217184142707
P1703,0.6206896551724137,Male,0.6666666666666666,Urban,Married,0.42857142857142855,0.44546377039304097,0.44256898637380415,0.2938540834663666,0.5666845526539519,0.5,0.1,Yes,No,0.0,0.9952559812253805
P1704,0.2758620689655169,Male,0.3333333333333333,Rural,Divorced,0.2857142857142857,0.21324807745499974,0.5935739830950074,0.7488113348504979,0.17414171188332528,0.5,0.0,Yes,Yes,0.0,0.459855997597611
P1705,0.2068965517241379,Female,0.0,Urban,Single,0.14285714285714285,0.2588038253253253,0.4417883910996524,0.4518356126095349,0.5811962097224822,1.0,0.5,No,Yes,0.0,0.7240533525796251
P1706,0.10344827586206895,Male,0.6666666666666666,Urban,Married,0.2857142857142857,0.6968206164659819,0.2561364437510242,0.6494039677126509,0.40885877423294203,1.0,0.9,Yes,Yes,0.0,0.6945730599472277
P1707,0.8620689655172411,Male,0.3333333333333333,Urban,Widowed,0.42857142857142855,0.4837331828661683,0.46582959129549606,0.4418477167585681,0.46537258211356425,0.25,0.0,Yes,Yes,0.0,0.8939440106849927
P1708,0.6896551724137931,Male,0.3333333333333333,Rural,Widowed,0.14285714285714285,0.5434636953088076,0.24330911903981722,0.09151538460917635,0.23316859838884735,0.5,1.0,Yes,Yes,0.0,0.3760257412459902
P1709,0.5862068965517238,Male,0.0,Rural,Widowed,0.42857142857142855,0.4263380885758695,0.41333942777916166,0.6117124132485889,0.48695474602772526,1.0,0.4,Yes,Yes,0.0,0.9155261745991539
P1710,0.4137931034482758,Male,1.0,Rural,Single,0.14285714285714285,0.3932866252928767,0.13602855283185955,0.2734774379753471,0.2571584312541457,1.0,0.8,Yes,No,0.0,0.4000155741112886
P1711,0.34482758620689635,Female,0.6666666666666666,Rural,Divorced,0.14285714285714285,0.49285515768254673,0.36892630425678063,0.7174074128778096,0.30142559482344555,1.0,1.0,Yes,No,0.0,0.4442827376805884
P1712,0.96551724137931,Male,0.6666666666666666,Rural,Married,0.0,0.5379356139460222,0.5798714687797754,0.6587643019015375,0.03585348763612295,0.25,0.8,Yes,Yes,0.0,0.03585348763612295
P1713,0.7931034482758621,Male,0.3333333333333333,Rural,Widowed,0.14285714285714285,0.5576792791152864,0.3093145958972622,0.4723294457585659,0.2151883765003061,0.25,0.30000000000000004,Yes,No,0.0,0.35804551935744894
P1714,0.10344827586206895,Male,0.0,Rural,Married,0.14285714285714285,0.39557340669677676,0.5624891706998748,1.0,0.27452524411396595,0.5,0.6000000000000001,Yes,Yes,0.0,0.4173823869711088
P1715,0.8275862068965516,Male,0.6666666666666666,Urban,Single,0.0,0.5758960927130535,0.9260780964856191,0.3201965159007654,0.47619156824933356,0.75,1.0,Yes,No,0.0,0.47619156824933356
P1716,0.6896551724137931,Female,0.3333333333333333,Urban,Widowed,0.0,0.00563053519506318,0.35837321548887047,0.46743240952186854,0.5442343196249588,0.5,0.6000000000000001,Yes,Yes,0.0,0.5442343196249588
P1717,0.96551724137931,Female,0.0,Urban,Single,0.14285714285714285,0.5653811682875204,0.47530766477126984,0.34859163147017275,0.25469396046117576,1.0,0.30000000000000004,Yes,Yes,0.0,0.3975511033183186
P1718,0.8275862068965516,Female,0.6666666666666666,Urban,Divorced,0.14285714285714285,0.3455156738760331,0.4503386517967377,1.0,0.3613812172524494,1.0,0.4,No,No,0.0,0.5042383601095923
P1719,0.10344827586206895,Female,1.0,Rural,Single,0.2857142857142857,0.5088970743836162,0.4045643016680144,0.940680435618273,0.8066250426238852,0.0,1.0,Yes,No,0.0,1.0923393283381708
P1720,0.31034482758620685,Male,0.6666666666666666,Urban,Single,0.0,0.30844537905068936,0.5068901862107084,0.2764209343357558,0.432480782019601,0.5,0.8,Yes,Yes,0.0,0.432480782019601
P1721,0.13793103448275845,Female,0.6666666666666666,Urban,Divorced,0.2857142857142857,0.19555091165370375,0.3185281760231521,0.4192492088000355,0.2717834972157918,1.0,0.6000000000000001,No,Yes,0.0,0.5574977829300776
P1722,0.2758620689655169,Male,1.0,Urban,Married,0.0,0.4732840052194446,0.24317379995008326,0.42737116001238623,0.0,1.0,0.6000000000000001,No,Yes,0.0,0.0
P1723,0.7931034482758621,Male,0.3333333333333333,Urban,Divorced,0.2857142857142857,0.1664115794464669,0.08612313246718029,0.48505681905832615,0.19551733786460113,0.75,0.9,No,Yes,0.0,0.4812316235788868
P1724,0.068965517241379,Male,0.6666666666666666,Rural,Divorced,0.5714285714285714,0.3500537619628822,0.3013166376205766,0.3672456498772188,0.18614804963393938,0.0,0.6000000000000001,Yes,Yes,0.0,0.7575766210625108
P1725,0.5517241379310343,Male,1.0,Rural,Single,0.0,0.281261718149308,0.5275334845700667,0.4718825559993834,0.8767467982739116,0.5,0.8,Yes,Yes,0.0,0.8767467982739116
P1726,0.068965517241379,Male,0.0,Rural,Married,0.14285714285714285,0.38749457695108724,0.19276416160124887,0.8575100585495896,0.1968320203539729,0.25,0.4,No,No,0.0,0.33968916321111575
P1727,0.5172413793103448,Female,0.6666666666666666,Urban,Widowed,0.42857142857142855,0.549534853266212,0.40848689027868323,1.0,0.4132198378509092,0.5,0.5,No,No,0.0,0.8417912664223377
P1728,0.10344827586206895,Female,0.6666666666666666,Rural,Divorced,0.42857142857142855,0.33502578575758457,0.3412527520852854,0.24714462272269572,0.49013180724011457,0.5,0.2,No,No,0.0,0.9187032358115431
P1729,0.5862068965517238,Female,0.6666666666666666,Urban,Married,0.0,0.46909625790210197,0.25077852308316395,0.3676463391074158,0.6671312678104612,0.75,0.0,Yes,No,0.0,0.6671312678104612
P1730,0.5517241379310343,Female,0.6666666666666666,Rural,Divorced,0.14285714285714285,0.5398910063711816,0.026719940044860446,0.6680480116718817,0.40287107185280585,0.5,1.0,Yes,No,0.0,0.5457282147099487
P1731,0.2068965517241379,Male,1.0,Rural,Divorced,0.42857142857142855,0.31545749153436886,0.6114281271128702,0.23854738936877612,0.2781772035606644,0.75,0.1,No,Yes,0.0,0.7067486321320929
P1732,0.7931034482758621,Female,0.6666666666666666,Rural,Divorced,0.14285714285714285,0.31787441188014964,0.45767100552425066,0.6742426179585768,0.26224653498035855,0.75,0.7000000000000001,Yes,Yes,0.0,0.4051036778375014
P1733,0.7586206896551722,Male,0.0,Rural,Divorced,0.5714285714285714,0.6448881503667018,0.8482341504925929,0.746231466030334,0.48667307615382405,1.0,0.0,Yes,No,0.0,1.0581016475823954
P1734,1.0,Female,1.0,Rural,Single,0.0,0.40343522670368215,0.5598932752650078,0.7846714934828813,0.2363129898396882,0.25,0.9,No,Yes,0.0,0.2363129898396882
P1735,0.13793103448275845,Male,0.3333333333333333,Urban,Married,0.2857142857142857,0.5015231321886459,0.607371632481554,0.7395374897398503,0.13531401213969843,0.75,0.6000000000000001,No,No,0.0,0.4210282978539841
P1736,0.37931034482758585,Male,0.3333333333333333,Rural,Married,0.0,0.5002601820598706,0.04557204890483657,0.4887627904923442,0.27813154100778203,0.0,0.4,No,No,0.0,0.27813154100778203
P1737,0.5517241379310343,Female,0.3333333333333333,Urban,Married,0.14285714285714285,0.2170020656536703,0.04239357007971645,0.573419321098712,0.08231689771941972,0.0,0.5,Yes,Yes,0.0,0.22517404057656257
P1738,0.7586206896551722,Male,0.3333333333333333,Urban,Divorced,0.2857142857142857,0.2898540206380009,0.37132946564592484,0.33450467451114757,0.8461332573083542,0.25,0.7000000000000001,Yes,Yes,0.0,1.1318475430226398
P1739,0.4137931034482758,Male,0.3333333333333333,Urban,Single,0.0,0.4792245605900033,0.15488810482157944,0.7280914496244622,0.5444500901644295,0.75,0.30000000000000004,Yes,No,0.0,0.5444500901644295
P1740,0.7586206896551722,Female,1.0,Urban,Divorced,0.5714285714285714,0.07211418554605942,0.23976602784654089,1.0,0.7908581077146759,0.25,0.5,Yes,No,0.0,1.3622866791432473
P1741,0.8275862068965516,Male,0.6666666666666666,Urban,Divorced,0.2857142857142857,0.3814503971602624,0.8229571236590852,0.7275796121647,0.5177193704491502,1.0,1.0,Yes,No,0.0,0.8034336561634359
P1742,0.068965517241379,Female,0.6666666666666666,Rural,Married,0.2857142857142857,0.27245268793453625,0.5799774857603387,0.4505137242384461,0.7677035851980314,0.0,0.2,No,No,0.0,1.053417870912317
P1743,0.2758620689655169,Female,0.0,Rural,Divorced,0.0,0.6017510236627758,0.1935171741214915,0.8550965297181006,0.4893396538582156,0.5,0.6000000000000001,Yes,Yes,0.0,0.4893396538582156
P1744,1.0,Female,1.0,Rural,Widowed,0.2857142857142857,0.474352575525825,0.0,1.0,0.5756341236836016,0.0,0.1,Yes,No,0.0,0.8613484093978873
P1745,0.5517241379310343,Male,1.0,Rural,Divorced,0.2857142857142857,0.6152077162317796,0.17819321125380905,0.6751327495790254,0.0,0.75,0.7000000000000001,No,Yes,0.0,0.2857142857142857
P1746,0.5517241379310343,Male,0.6666666666666666,Urban,Widowed,0.0,0.4101458944077746,0.2623282831020505,0.7496720527059733,0.18098554193954894,0.25,0.6000000000000001,No,No,0.0,0.18098554193954894
P1747,1.0,Male,0.0,Rural,Divorced,0.0,0.3976851345388296,0.305224787407259,0.7791762838899603,0.40982423402773704,0.0,0.7000000000000001,No,No,0.0,0.40982423402773704
P1748,0.6551724137931032,Female,0.0,Rural,Single,0.14285714285714285,0.365845080153406,0.1310824998042509,0.23276482601415033,0.4156603246979073,0.5,0.1,No,Yes,0.0,0.5585174675550502
P1749,0.5172413793103448,Male,0.3333333333333333,Urban,Single,0.42857142857142855,0.332821766740818,0.5690637440601444,0.518482057317476,0.38256616805983407,0.5,0.2,Yes,Yes,0.0,0.8111375966312626
P1750,0.8275862068965516,Female,0.0,Urban,Married,0.14285714285714285,0.8641093898426643,0.2342798556621356,0.4938822592553131,0.5099152774399319,0.25,0.30000000000000004,Yes,Yes,1.0,0.6527724202970748
P1751,0.7241379310344827,Female,0.3333333333333333,Rural,Divorced,0.5714285714285714,0.5511949192988704,0.48155957683685624,0.8168060388845098,0.5198283750786356,0.25,0.8,No,Yes,0.0,1.0912569465072068
P1752,0.4137931034482758,Male,1.0,Rural,Widowed,0.0,0.2389685756772031,0.37343407670745854,0.7889133724274027,0.6090568222085394,0.0,0.4,Yes,Yes,0.0,0.6090568222085394
P1753,0.896551724137931,Female,0.3333333333333333,Urban,Widowed,0.2857142857142857,0.8565514781936966,0.5342685554701895,0.5880083132131739,0.5618767729260521,0.75,0.5,No,No,0.0,0.8475910586403378
P1754,0.6206896551724137,Male,0.0,Rural,Divorced,0.42857142857142855,0.3491700108329544,0.3203781221012646,0.4795138232607214,0.6906013293590865,1.0,0.0,Yes,No,0.0,1.119172757930515
P1755,0.5517241379310343,Male,0.3333333333333333,Rural,Widowed,0.42857142857142855,0.47019200002947603,0.19545701115309633,0.21309856435342683,0.6925610196515803,0.5,0.30000000000000004,Yes,No,0.0,1.121132448223009
P1756,0.10344827586206895,Male,0.0,Rural,Single,0.2857142857142857,0.5732662286453108,0.25480232652691537,0.6132258258977745,0.4429587790664556,0.25,0.30000000000000004,Yes,Yes,0.0,0.7286730647807413
P1757,0.37931034482758585,Male,0.0,Rural,Widowed,0.0,0.1603410121545834,0.2573663428440357,0.38836615707524763,0.9017113888917699,1.0,0.9,No,Yes,0.0,0.9017113888917699
P1758,0.96551724137931,Male,0.3333333333333333,Urban,Married,0.2857142857142857,0.2787788663918169,0.739009191195679,0.3586931355920831,0.7279473064677376,1.0,0.7000000000000001,No,Yes,0.0,1.0136615921820233
P1759,0.2758620689655169,Female,0.3333333333333333,Urban,Single,0.14285714285714285,0.6913608040951148,0.3775464130616887,0.8386902183135478,0.20681703641156293,1.0,0.7000000000000001,Yes,No,0.0,0.3496741792687058
P1760,0.6206896551724137,Female,0.6666666666666666,Urban,Single,0.42857142857142855,0.37919522277726736,0.36447869358252316,0.8137062061074005,0.49538712307670557,0.75,0.9,Yes,Yes,0.0,0.9239585516481341
P1761,0.37931034482758585,Female,1.0,Rural,Single,0.42857142857142855,0.5831116861268119,0.5240048255833726,0.49993313396570643,0.0,0.25,0.5,No,No,0.0,0.42857142857142855
P1762,0.2758620689655169,Male,0.3333333333333333,Rural,Divorced,0.5714285714285714,0.341088593225609,0.36362366277197633,0.2412436681717885,0.0,0.5,0.7000000000000001,No,No,0.0,0.5714285714285714
P1763,0.2068965517241379,Male,0.3333333333333333,Rural,Divorced,0.2857142857142857,0.40082339908552644,0.5675775126026127,0.4191940115230482,0.2807801533887015,0.25,0.8,Yes,No,0.0,0.5664944391029871
P1764,0.9310344827586206,Male,1.0,Rural,Single,0.14285714285714285,0.7142094776794167,0.2959858616907066,0.8547283162402781,0.19033981019401963,0.0,0.4,Yes,Yes,0.0,0.3331969530511625
P1765,0.4482758620689653,Female,0.3333333333333333,Rural,Divorced,0.2857142857142857,0.48958537371633704,0.27752004537951114,0.7289007055382695,0.2822599567044716,0.5,0.0,No,No,0.0,0.5679742424187573
P1766,0.6551724137931032,Male,0.0,Urban,Widowed,0.14285714285714285,0.35919203884483364,0.18540481890639493,0.5039529685247468,0.4799646649838343,0.25,0.0,Yes,No,0.0,0.6228218078409771
P1767,0.6206896551724137,Female,1.0,Rural,Divorced,0.14285714285714285,0.3027727565328586,0.7000086054637639,0.6309831349304389,0.6957019945223127,0.5,0.1,No,No,0.0,0.8385591373794556
P1768,0.8620689655172411,Female,0.0,Rural,Divorced,0.42857142857142855,0.31802076793113265,0.35094094113352636,0.12014659591935278,0.6828225669537972,0.0,0.1,No,Yes,0.0,1.1113939955252257
P1769,0.4827586206896548,Male,0.6666666666666666,Urban,Single,0.14285714285714285,0.6235933384561819,0.1501740982506371,0.10202134343022312,0.5003404424366471,0.5,0.4,Yes,No,0.0,0.6431975852937899
P1770,0.5172413793103448,Male,0.6666666666666666,Rural,Married,0.14285714285714285,0.5442497181064868,0.3994231312689488,1.0,0.1394184560524655,1.0,0.6000000000000001,Yes,Yes,0.0,0.28227559890960835
P1771,0.6896551724137931,Female,0.3333333333333333,Urban,Married,0.5714285714285714,0.22522056132106816,0.24544474962482898,0.7381923122953091,0.2668529662877588,0.75,0.6000000000000001,Yes,Yes,0.0,0.8382815377163302
P1772,0.13793103448275845,Male,0.3333333333333333,Urban,Married,0.42857142857142855,0.4311964261451172,0.2927997760992852,0.6173139528854703,0.5542243711777507,0.0,0.30000000000000004,No,No,0.0,0.9827957997491792
P1773,0.068965517241379,Female,0.6666666666666666,Urban,Widowed,0.42857142857142855,0.40553058803233244,0.420136987586858,0.5218737844917214,0.20220647538390168,0.5,0.30000000000000004,No,No,0.0,0.6307779039553303
P1774,0.37931034482758585,Male,0.0,Urban,Divorced,0.14285714285714285,0.46934879492804915,0.6401791345916547,0.19508451139099597,0.09616561575084166,0.0,1.0,No,Yes,0.0,0.2390227586079845
P1775,0.8275862068965516,Male,0.3333333333333333,Urban,Married,0.5714285714285714,0.31607148014310504,0.38210642875873446,0.8547187789235113,0.519374715702359,1.0,0.9,Yes,No,0.0,1.0908032871309303
P1776,0.6551724137931032,Female,0.6666666666666666,Rural,Single,0.2857142857142857,0.5996342686082371,0.234356950826336,0.34471358106810795,0.3893063943105646,0.75,0.2,Yes,Yes,0.0,0.6750206800248503
P1777,0.896551724137931,Male,0.6666666666666666,Urban,Married,0.2857142857142857,0.4164434537856624,0.27183366503741324,0.7855166953570136,0.3502011050482758,0.0,1.0,No,Yes,0.0,0.6359153907625614
P1778,0.6896551724137931,Female,0.0,Urban,Married,0.14285714285714285,0.47890608626423503,0.4829903976200852,0.6485206215534662,0.6679196000212848,1.0,0.1,No,Yes,0.0,0.8107767428784276
P1779,0.10344827586206895,Male,1.0,Rural,Divorced,0.5714285714285714,0.285884962647614,0.007574378947828864,0.6044431619886395,0.66286922588042,1.0,0.2,Yes,No,0.0,1.2342977973089915
P1780,0.6896551724137931,Female,0.3333333333333333,Rural,Divorced,0.14285714285714285,0.294281143721573,0.17405776794616512,0.30509370447593614,0.8294143673768514,1.0,0.7000000000000001,No,Yes,0.0,0.9722715102339943
P1781,0.7586206896551722,Female,1.0,Urban,Divorced,0.5714285714285714,0.8595851848778168,0.4022992865813345,0.3082819962650854,0.24423421556872374,0.5,0.0,Yes,Yes,0.0,0.8156627869972951
P1782,0.5172413793103448,Male,0.6666666666666666,Rural,Widowed,0.42857142857142855,0.7166799920711137,0.05333280411368202,0.7102770220887973,0.5043193406412394,0.25,0.30000000000000004,Yes,No,0.0,0.932890769212668
P1783,0.8275862068965516,Female,0.6666666666666666,Rural,Widowed,0.2857142857142857,0.4050531395195146,0.30681493106638824,0.635882694787403,0.40551348662113385,0.0,0.6000000000000001,No,No,0.0,0.6912277723354195
P1784,0.2068965517241379,Male,0.3333333333333333,Urban,Married,0.14285714285714285,0.6721673251211565,0.27667908442590583,0.6282091031727146,0.48232748148871707,0.25,0.4,No,Yes,0.0,0.6251846243458599
P1785,0.4137931034482758,Male,1.0,Urban,Divorced,0.14285714285714285,0.618789585710405,0.5231724585592122,0.6854022307861933,0.12804895825939844,1.0,0.1,No,Yes,0.0,0.2709061011165413
P1786,0.6896551724137931,Male,0.0,Rural,Married,0.14285714285714285,0.31246482849181,0.31813048488741813,0.15320636792149683,0.0635555196428072,0.25,0.0,No,Yes,0.0,0.20641266249995005
P1787,0.31034482758620685,Female,0.6666666666666666,Urban,Single,0.7142857142857142,0.29584446643297757,0.5793984332005538,0.8599693550287721,0.3912661525641287,1.0,0.5,No,No,0.0,1.105551866849843
P1788,0.8620689655172411,Female,0.0,Urban,Single,0.2857142857142857,0.5281127708918861,0.377976913316011,0.53170382586136,0.1982621596371163,1.0,0.4,Yes,Yes,0.0,0.483976445351402
P1789,0.2068965517241379,Male,0.3333333333333333,Rural,Divorced,0.0,0.460010106352137,0.6866274783289578,0.8969611859556688,0.626640110596301,0.75,0.2,No,Yes,0.0,0.626640110596301
P1790,0.4482758620689653,Male,0.3333333333333333,Urban,Divorced,0.2857142857142857,0.34966589727688013,0.11136564283785977,0.13606802465086393,0.039931121968768774,0.75,1.0,Yes,No,0.0,0.3256454076830545
P1791,0.8620689655172411,Female,1.0,Urban,Single,0.8571428571428571,0.5368710906247897,0.6576594256850866,0.7531564797404771,0.05977202979022675,0.25,1.0,No,No,0.0,0.9169148869330839
P1792,0.13793103448275845,Male,1.0,Urban,Divorced,0.0,0.17625284573450906,0.28888597159465645,0.7508946781778574,0.3007065517900581,0.0,1.0,No,Yes,0.0,0.3007065517900581
P1793,0.068965517241379,Male,0.0,Urban,Widowed,0.42857142857142855,0.4358335879754097,0.6316272184048016,0.2610949867178655,0.030934580182763516,0.25,0.8,No,No,0.0,0.45950600875419206
P1794,0.7586206896551722,Female,0.0,Urban,Widowed,0.0,0.21017939107287398,0.5791335817973026,0.4638605185047762,0.8041274708199081,0.0,0.2,No,Yes,0.0,0.8041274708199081
P1795,0.96551724137931,Male,0.6666666666666666,Rural,Divorced,0.14285714285714285,0.2156681094124896,0.0,0.3632410473506565,0.35693730997159223,0.25,0.1,No,Yes,0.0,0.4997944528287351
P1796,0.34482758620689635,Female,0.3333333333333333,Rural,Single,0.14285714285714285,0.29887253505793243,0.4507578564217892,0.8235928443213276,0.25592831367011215,0.5,0.4,No,No,0.0,0.398785456527255
P1797,0.34482758620689635,Male,0.0,Urban,Married,0.0,0.4772145460573315,0.5450217750559815,0.6908724045030101,0.5135162259708747,0.5,0.8,Yes,Yes,0.0,0.5135162259708747
P1798,0.5862068965517238,Female,0.6666666666666666,Rural,Divorced,0.42857142857142855,0.304127165185895,0.6051986793947483,0.9997243772700706,0.6135632481506607,0.0,0.7000000000000001,No,Yes,0.0,1.0421346767220891
P1799,0.4827586206896548,Male,0.6666666666666666,Urban,Divorced,0.2857142857142857,0.21364856534160304,0.1497023298582868,0.6655087609625137,0.45072767570885697,0.75,0.5,No,No,0.0,0.7364419614231427
P1800,0.37931034482758585,Male,1.0,Urban,Married,0.2857142857142857,0.49620820044615777,0.47097143582076895,0.7922353999400078,0.3845603331439397,0.0,0.2,No,Yes,0.0,0.6702746188582254
P1801,0.2758620689655169,Female,0.3333333333333333,Urban,Divorced,0.14285714285714285,0.6654578407401727,0.3991043052119506,0.8975276041904956,0.16435211638537042,0.25,0.5,No,No,0.0,0.3072092592425133
P1802,0.31034482758620685,Male,0.3333333333333333,Urban,Married,0.2857142857142857,0.5231417390336689,0.44207435763024094,0.7496610109451485,0.5527150683535967,1.0,0.4,Yes,Yes,0.0,0.8384293540678824
P1803,0.8620689655172411,Female,0.6666666666666666,Urban,Single,0.42857142857142855,0.716966454098941,0.545261179380549,0.5249319873417393,0.741749102797259,0.5,0.0,Yes,No,0.0,1.1703205313686875
P1804,0.37931034482758585,Male,0.6666666666666666,Rural,Widowed,0.2857142857142857,0.651529732267098,0.5739472459502609,0.4803718389210065,0.34808396600410313,1.0,0.4,Yes,No,0.0,0.6337982517183889
P1805,0.5517241379310343,Female,0.6666666666666666,Rural,Single,0.0,0.335428631248344,0.24441037186100545,0.5978256342335222,0.1967531205074428,0.5,0.6000000000000001,Yes,No,0.0,0.1967531205074428
P1806,0.96551724137931,Female,0.6666666666666666,Urban,Widowed,0.5714285714285714,0.5220266365606853,0.4118944239721193,0.8076400698561765,0.44460215137040926,0.25,0.8,Yes,No,0.0,1.0160307227989807
P1807,0.17241379310344795,Female,0.3333333333333333,Rural,Married,0.2857142857142857,0.4013948677408071,0.3711155122203872,0.4334898724740261,0.40157819489782504,0.5,0.0,Yes,No,0.0,0.6872924806121108
P1808,0.2068965517241379,Female,1.0,Urban,Widowed,0.2857142857142857,0.5936832968663431,0.320117705041881,0.7730594937236275,0.10832960122934578,0.0,0.2,No,No,0.0,0.39404388694363146
P1809,0.4482758620689653,Male,0.3333333333333333,Rural,Single,0.42857142857142855,0.4013647404560715,0.33749541615108336,0.6941630565809398,0.2800117018464588,1.0,0.7000000000000001,No,Yes,0.0,0.7085831304178873
P1810,0.4137931034482758,Male,0.0,Urban,Widowed,0.14285714285714285,0.2852172484651224,0.3992704076466612,0.31684006424533434,0.8311867925439799,1.0,0.5,Yes,Yes,0.0,0.9740439354011228
P1811,0.2413793103448274,Female,0.6666666666666666,Rural,Married,0.42857142857142855,0.6455676570583758,0.25418516318776974,0.7614189438776653,0.07676694969449367,0.25,0.4,No,No,0.0,0.5053383782659222
P1812,0.31034482758620685,Female,0.3333333333333333,Urban,Widowed,0.0,0.46963259178722827,0.5241885051874328,0.6508958015104025,0.23480202967125074,1.0,0.9,No,Yes,0.0,0.23480202967125074
P1813,0.2758620689655169,Female,0.0,Urban,Divorced,0.0,0.306078388115128,0.5944196887803362,0.485105376527837,0.17271402792796814,0.25,0.1,No,No,0.0,0.17271402792796814
P1814,0.5862068965517238,Male,1.0,Rural,Single,0.2857142857142857,0.3335456166543628,0.2144406262571098,0.6474259128808015,0.19398317936099127,0.75,0.2,No,No,0.0,0.479697465075277
P1815,0.896551724137931,Male,0.3333333333333333,Rural,Divorced,0.7142857142857142,0.3050132259269194,0.6033327068980222,0.4944126865064858,0.2937749476733102,0.0,0.1,No,Yes,0.0,1.0080606619590244
P1816,0.8620689655172411,Male,0.6666666666666666,Urban,Married,0.14285714285714285,0.24970876121504737,0.21478301377706532,0.6762155108790677,0.5088055114520609,0.5,0.0,Yes,No,0.0,0.6516626543092037
P1817,0.0344827586206895,Male,0.3333333333333333,Rural,Widowed,0.42857142857142855,0.3370807762927416,0.5268703475799609,0.5767016785460797,0.7157343302079177,0.5,0.6000000000000001,Yes,Yes,0.0,1.1443057587793461
P1818,0.13793103448275845,Female,0.6666666666666666,Urban,Divorced,0.14285714285714285,0.47883686895520106,0.6029961473801032,0.25061008355493203,0.44985266896873377,0.5,0.2,Yes,No,0.0,0.5927098118258767
P1819,0.96551724137931,Female,0.0,Rural,Divorced,0.0,0.42734344503102994,0.3464526007127565,0.5838664859230105,0.2363027986584942,0.75,0.6000000000000001,Yes,No,0.0,0.2363027986584942
P1820,0.13793103448275845,Female,0.3333333333333333,Rural,Widowed,0.5714285714285714,0.34363051060297345,0.216273137821131,0.5109253131224429,0.7713895413366918,0.0,0.6000000000000001,Yes,Yes,0.0,1.3428181127652632
P1821,0.17241379310344795,Male,1.0,Urban,Widowed,0.14285714285714285,0.665917911466204,0.25660309132515835,0.7690928572713482,0.0,1.0,0.7000000000000001,Yes,No,0.0,0.14285714285714285
P1822,0.6206896551724137,Male,0.6666666666666666,Rural,Single,0.42857142857142855,0.08156108768672687,0.42942852102706464,0.8275567756163287,0.5629556158181204,1.0,0.0,No,No,0.0,0.991527044389549
P1823,0.2413793103448274,Male,0.3333333333333333,Rural,Divorced,0.0,0.46768931919261847,0.7208462568018116,0.49504699253824896,0.1539391177957857,0.0,0.4,Yes,No,0.0,0.1539391177957857
P1824,0.5172413793103448,Female,0.3333333333333333,Urban,Divorced,0.14285714285714285,0.39287345753040104,0.055866756175143584,0.42791302797667236,0.3886904192412128,0.0,0.9,No,Yes,0.0,0.5315475620983556
P1825,0.4137931034482758,Female,1.0,Rural,Married,0.0,0.25496979503392003,0.3818621754203596,0.21464093519006072,0.5364025404452897,0.5,0.8,No,Yes,0.0,0.5364025404452897
P1826,0.0,Male,0.6666666666666666,Urban,Single,0.42857142857142855,0.47740905763128627,0.34762324561872504,0.42201314031433396,0.014744328190514057,1.0,1.0,Yes,Yes,0.0,0.4433157567619426
P1827,0.7241379310344827,Female,0.6666666666666666,Urban,Married,0.14285714285714285,0.3800419646064742,0.2806324069512526,0.5395165763428602,0.4350175953683406,0.0,0.6000000000000001,Yes,Yes,0.0,0.5778747382254834
P1828,0.6551724137931032,Male,0.6666666666666666,Urban,Divorced,0.14285714285714285,0.6245122443689822,0.34894873786752456,0.29625954412436023,0.4534985370019182,1.0,0.0,Yes,Yes,0.0,0.596355679859061
P1829,0.5517241379310343,Male,0.0,Urban,Married,0.42857142857142855,0.5613442070685778,0.2650551233001678,0.8307574654381904,0.7527271626229904,0.0,0.7000000000000001,No,No,0.0,1.181298591194419
P1831,0.8275862068965516,Male,0.6666666666666666,Rural,Divorced,0.8571428571428571,0.336113678247668,0.6077261466666773,0.5880849368860666,0.027351421086491145,0.5,0.30000000000000004,Yes,Yes,0.0,0.8844942782293482
P1832,0.4137931034482758,Female,0.0,Urban,Married,0.5714285714285714,0.6494257482912525,0.37966095839036773,0.6129244403651468,0.7418574996031091,0.0,0.30000000000000004,Yes,No,0.0,1.3132860710316805
P1833,0.10344827586206895,Male,0.3333333333333333,Urban,Married,0.14285714285714285,0.22235753866409635,0.33797363391158364,0.6901915854065481,0.3918280875298967,0.75,0.9,No,No,0.0,0.5346852303870395
P1834,0.10344827586206895,Female,1.0,Rural,Widowed,0.14285714285714285,0.3982272501207368,0.2739933322496245,0.7684963532553462,0.20642724151833527,0.0,0.7000000000000001,Yes,Yes,0.0,0.34928438437547815
P1835,0.17241379310344795,Female,0.6666666666666666,Rural,Widowed,0.42857142857142855,0.3391254912276215,0.3800511523186684,0.8106146804227516,0.4897217919541947,0.25,0.0,Yes,No,0.0,0.9182932205256232
P1836,0.9310344827586206,Female,0.6666666666666666,Rural,Widowed,0.2857142857142857,0.5170742354849017,0.6996056416122957,0.5429015493637792,0.08765573111381979,0.75,0.7000000000000001,No,No,0.0,0.3733700168281055
P1837,0.6206896551724137,Male,0.6666666666666666,Urban,Divorced,0.14285714285714285,0.5130459663739254,0.34477559341793496,0.58293288033197,0.102012318734834,0.75,0.8,No,No,0.0,0.24486946159197687
P1838,0.96551724137931,Male,0.6666666666666666,Urban,Married,0.2857142857142857,0.2665634011286714,0.21101229126795273,0.658329808071906,0.0,0.0,0.8,No,Yes,0.0,0.2857142857142857
P1839,0.37931034482758585,Female,0.0,Urban,Single,0.0,0.5263653623307362,0.291316019755118,0.573157922176885,0.5323103187091325,0.25,0.4,Yes,No,0.0,0.5323103187091325
P1840,0.7241379310344827,Female,0.3333333333333333,Rural,Divorced,0.2857142857142857,0.35325181952601803,0.5006309021397962,0.8257727821874654,0.47960813949983744,0.75,0.30000000000000004,Yes,No,0.0,0.7653224252141231
P1841,0.2068965517241379,Male,0.3333333333333333,Urban,Single,0.5714285714285714,0.2805337733413843,0.23313878108225372,0.9107707451546434,0.20502897134322182,0.5,0.30000000000000004,No,Yes,0.0,0.7764575427717932
P1842,0.896551724137931,Male,0.3333333333333333,Rural,Married,0.42857142857142855,0.41470310630961216,0.35750798278863216,0.6992966205822262,0.7674651337968211,0.5,0.8,Yes,No,0.0,1.1960365623682496
P1843,0.31034482758620685,Male,0.6666666666666666,Urban,Divorced,0.2857142857142857,0.17052597310624706,0.44961511548413446,0.3994699599197255,0.24145716383126736,1.0,0.7000000000000001,No,No,0.0,0.5271714495455531
P1844,0.8620689655172411,Female,0.3333333333333333,Rural,Single,0.14285714285714285,0.5718843916647954,0.24693402617217675,0.7386412155012614,0.7095823911988258,1.0,0.9,No,Yes,0.0,0.8524395340559687
P1845,0.6206896551724137,Male,0.3333333333333333,Urban,Single,0.14285714285714285,0.40739653159304645,0.04283532349726338,0.7087841121470937,0.43030904182723506,0.25,0.9,No,Yes,0.0,0.5731661846843779
P1846,0.2068965517241379,Male,0.3333333333333333,Urban,Widowed,0.0,0.41104239636699325,0.16883900657216322,0.37939387257064566,0.2382305613121557,0.75,0.6000000000000001,No,Yes,0.0,0.2382305613121557
P1847,1.0,Female,0.0,Urban,Widowed,0.0,0.40213889548558235,0.20749699838673197,0.7085209586133954,0.3732802883618838,0.5,0.2,No,No,0.0,0.3732802883618838
P1848,0.068965517241379,Male,0.3333333333333333,Rural,Widowed,0.42857142857142855,0.6911416811152974,0.3220313989351561,0.4866218366638387,0.09933485940710263,0.5,0.30000000000000004,Yes,Yes,0.0,0.5279062879785312
P1849,0.4137931034482758,Male,0.0,Rural,Divorced,0.0,0.6698129481383032,0.3716908475264141,0.795551381714982,0.4530790636256098,0.25,0.8,Yes,Yes,0.0,0.4530790636256098
P1850,0.4137931034482758,Male,0.0,Urban,Married,0.42857142857142855,0.6417935155665312,0.5134002358867474,0.7366945265472662,0.4082899872201708,0.75,0.7000000000000001,Yes,No,0.0,0.8368614157915993
P1851,0.5862068965517238,Female,0.0,Urban,Married,0.2857142857142857,0.40249305929019374,0.14049890751550786,0.6703051172765704,0.5278258250089151,0.25,0.0,Yes,No,0.0,0.8135401107232008
P1852,0.9310344827586206,Female,0.3333333333333333,Urban,Widowed,0.0,0.23072918125167696,0.48696124921948647,0.6261451569157093,0.6124335231795809,0.0,0.2,No,No,0.0,0.6124335231795809
P1853,1.0,Female,0.6666666666666666,Rural,Widowed,0.5714285714285714,0.4140034261860145,0.29619572524549065,0.10612807892172832,0.42875376865651,0.5,0.9,Yes,No,0.0,1.0001823400850813
P1854,0.8620689655172411,Female,0.3333333333333333,Urban,Widowed,0.0,0.4690667367878637,0.038991400203300386,0.3261851632176774,0.04579024019968955,0.25,0.1,No,No,0.0,0.04579024019968955
P1855,0.6551724137931032,Female,0.3333333333333333,Urban,Single,0.2857142857142857,0.5521017173155464,0.366104301706219,0.5855986006892677,0.6252341827380257,0.25,0.1,No,Yes,0.0,0.9109484684523114
P1856,0.9310344827586206,Female,0.6666666666666666,Urban,Widowed,0.2857142857142857,0.4685304568500407,0.602957736636358,0.9806982048454198,0.40446835352542404,0.0,0.7000000000000001,Yes,Yes,0.0,0.6901826392397097
P1857,0.2413793103448274,Female,0.0,Urban,Single,0.42857142857142855,0.24558428730173565,0.5242026457560879,0.7521161822668716,0.0,1.0,0.5,Yes,Yes,0.0,0.42857142857142855
P1858,0.96551724137931,Male,1.0,Rural,Married,0.7142857142857142,0.32743075494329665,0.34976901617780587,1.0,0.47542303496283894,0.5,0.5,No,No,0.0,1.1897087492485532
P1859,0.2758620689655169,Male,0.6666666666666666,Rural,Divorced,0.14285714285714285,0.3123105781251797,0.5683219302052275,0.6367854248460119,0.4935878557515832,0.25,0.30000000000000004,Yes,Yes,0.0,0.636444998608726
P1860,0.2068965517241379,Female,0.3333333333333333,Urban,Divorced,0.0,0.5065088417343034,0.3985859419176917,0.6095294879222362,0.3147032724422127,0.5,0.0,Yes,No,0.0,0.3147032724422127
P1861,0.0,Male,0.6666666666666666,Urban,Divorced,0.2857142857142857,0.5105995755399945,0.5420343323313527,0.9581301615957192,0.353348213000238,1.0,1.0,Yes,No,0.0,0.6390624987145237
P1862,0.068965517241379,Male,0.0,Rural,Divorced,0.14285714285714285,0.5324386480134785,0.06152684818749066,0.5787957269284856,0.2577411095736469,0.25,0.6000000000000001,Yes,Yes,0.0,0.4005982524307897
P1863,0.4137931034482758,Female,0.6666666666666666,Rural,Single,0.42857142857142855,0.46683930911205895,0.13642312449813365,0.3807279910219687,0.5010460041028872,0.0,0.7000000000000001,No,Yes,0.0,0.9296174326743158
P1864,0.9310344827586206,Male,0.3333333333333333,Urban,Single,0.7142857142857142,0.0734667483718926,0.4961883610132217,0.6927556537176116,0.43461767305122456,0.5,0.1,No,No,0.0,1.1489033873369388
P1865,1.0,Male,1.0,Rural,Widowed,0.2857142857142857,0.12902338695419868,0.6435059080626951,0.8856767191106532,0.18245320070229162,0.0,0.1,Yes,No,0.0,0.46816748641657735
P1866,0.8275862068965516,Male,0.0,Rural,Single,0.14285714285714285,0.39330206144339297,0.43950831471136464,0.4191614654643619,0.7901669024338506,1.0,0.0,No,Yes,0.0,0.9330240452909935
P1867,0.9310344827586206,Male,0.6666666666666666,Urban,Widowed,0.2857142857142857,0.4330129867443989,0.273211477568036,0.757949227785667,0.24077218559335248,1.0,0.30000000000000004,No,Yes,0.0,0.5264864713076381
P1868,0.5517241379310343,Male,0.6666666666666666,Rural,Widowed,0.14285714285714285,0.6256109311921633,0.2089971166230381,0.594592625350874,0.0,0.5,0.5,Yes,No,0.0,0.14285714285714285
P1869,0.8275862068965516,Female,0.0,Rural,Divorced,0.14285714285714285,0.4296325246658387,0.30630633389185313,0.7249815570087388,0.2877132430307585,1.0,0.4,Yes,No,0.0,0.43057038588790136
P1870,0.7931034482758621,Female,0.3333333333333333,Urban,Single,0.14285714285714285,0.2540084448567256,0.5842976348575936,0.691984639586118,0.6489476380008857,0.75,0.30000000000000004,No,No,0.0,0.7918047808580286
P1871,0.0,Female,0.6666666666666666,Urban,Single,0.42857142857142855,0.5270274679628947,0.3013587203113829,0.5177201466076036,0.35125646200724975,0.5,0.30000000000000004,No,No,0.0,0.7798278905786783
P1872,0.17241379310344795,Male,1.0,Rural,Widowed,0.2857142857142857,0.4137913845226263,0.5541384075249854,0.5914917155007897,0.007670851328944606,0.75,0.9,No,Yes,0.0,0.2933851370432303
P1873,0.6896551724137931,Female,0.3333333333333333,Urban,Widowed,0.14285714285714285,0.34965753574432734,0.48228602280991717,0.5323435555069596,0.15361848754603646,1.0,0.6000000000000001,Yes,Yes,0.0,0.2964756304031793
P1874,0.17241379310344795,Male,0.6666666666666666,Rural,Married,0.0,0.14756676533831503,0.6752592364412716,0.6453475977896677,0.1408938385220067,0.5,0.6000000000000001,No,No,0.0,0.1408938385220067
P1875,0.8620689655172411,Male,1.0,Urban,Married,0.14285714285714285,0.43086450135187204,0.4000476130066376,0.4143370760922825,0.26254731425537997,0.75,0.1,No,No,0.0,0.4054044571125228
P1876,0.37931034482758585,Male,1.0,Rural,Widowed,0.14285714285714285,0.45480298516324347,0.35461884342144734,0.4715631840277235,0.33798381490219714,1.0,0.6000000000000001,Yes,Yes,0.0,0.48084095775934
P1877,0.4137931034482758,Male,0.0,Urban,Married,0.0,0.2506422826489917,0.5632131101236849,0.5178025063415845,0.5197445795105861,0.25,0.1,No,No,0.0,0.5197445795105861
P1878,0.4137931034482758,Female,0.6666666666666666,Rural,Married,0.2857142857142857,0.5407262980343793,0.19358858267308754,0.7107004542356523,0.43183850910913474,0.25,0.30000000000000004,Yes,No,0.0,0.7175527948234204
P1879,0.96551724137931,Female,0.3333333333333333,Rural,Widowed,0.14285714285714285,0.5257994664418305,0.2829060041616477,0.27799826711600933,0.44337720077383996,0.0,0.0,Yes,No,0.0,0.5862343436309828
P1880,0.4827586206896548,Male,1.0,Rural,Widowed,0.14285714285714285,0.42481876373216265,0.05818095535820944,0.5912662289614123,0.8289898036308648,0.25,0.4,No,No,0.0,0.9718469464880077
P1881,0.6896551724137931,Female,0.3333333333333333,Urban,Single,0.2857142857142857,0.4186204763236737,0.13557735290036432,0.4473513032282656,0.6080256483464331,0.75,0.0,Yes,No,0.0,0.8937399340607188
P1882,0.5172413793103448,Male,0.0,Urban,Widowed,0.2857142857142857,0.5743396244440414,0.7133403417690564,0.5184126853559134,0.5868500417541559,0.25,0.30000000000000004,Yes,No,0.0,0.8725643274684416
P1883,0.7241379310344827,Female,0.6666666666666666,Rural,Widowed,0.42857142857142855,0.47792172813017186,0.48951174066194547,0.4588533521816092,0.0,0.5,0.8,No,Yes,0.0,0.42857142857142855
P1884,0.6896551724137931,Female,0.3333333333333333,Rural,Divorced,0.5714285714285714,0.29962409184193994,0.11441789400492097,0.6635018908702297,0.22008303601514476,0.5,0.7000000000000001,Yes,No,0.0,0.7915116074437162
P1885,0.34482758620689635,Male,1.0,Urban,Single,0.14285714285714285,0.3837252860666419,0.5808779990231009,0.5792987664693898,0.016753549760154703,0.5,0.5,No,Yes,0.0,0.15961069261729754
P1886,0.9310344827586206,Female,1.0,Urban,Single,0.2857142857142857,0.5094749003226801,0.2356913552372103,0.7872950618236896,0.2159339706044451,0.25,0.7000000000000001,Yes,Yes,0.0,0.5016482563187308
P1887,0.13793103448275845,Male,0.6666666666666666,Urban,Single,0.0,0.07794651261132324,0.4801728378787994,0.7131015528139422,0.5921573861143112,0.25,0.4,Yes,Yes,0.0,0.5921573861143112
P1888,0.10344827586206895,Female,0.0,Urban,Divorced,0.2857142857142857,0.26141232520172863,0.4774570189810311,0.2489049162841966,0.30644014560386823,0.0,0.6000000000000001,No,No,0.0,0.5921544313181539
P1889,0.068965517241379,Male,0.6666666666666666,Urban,Widowed,0.2857142857142857,0.5303562777231626,0.6663619454695818,0.38706584011644357,0.658932030827267,1.0,0.7000000000000001,No,No,0.0,0.9446463165415527
P1890,0.6206896551724137,Male,0.0,Urban,Single,0.2857142857142857,0.6181462673693522,0.2658673180908263,0.5754693652301379,0.5676844027606921,0.0,0.6000000000000001,No,No,0.0,0.8533986884749778
P1891,0.6551724137931032,Female,0.0,Rural,Single,0.2857142857142857,0.5868414567113353,0.22904920233090265,0.6066361430838485,0.41307786755502496,0.75,0.30000000000000004,Yes,Yes,0.0,0.6987921532693107
P1892,0.8275862068965516,Female,1.0,Urban,Married,0.0,0.5655488853746301,0.0,0.4081877236622328,0.664610509628075,0.5,0.4,No,Yes,0.0,0.664610509628075
P1893,0.5862068965517238,Male,0.3333333333333333,Rural,Single,0.42857142857142855,0.4382906437785735,0.34149579514669626,0.9291233252623281,0.7291706908502199,0.25,0.9,Yes,No,0.0,1.1577421194216484
P1894,0.4827586206896548,Female,0.3333333333333333,Urban,Widowed,0.2857142857142857,0.24518276505205172,0.495514514906224,0.823946028191894,0.5102501415298119,1.0,0.5,No,No,0.0,0.7959644272440975
P1895,0.2758620689655169,Female,1.0,Urban,Widowed,0.2857142857142857,0.3838961025711275,0.520358879139904,0.2231198301934892,0.4562626333534871,1.0,1.0,Yes,Yes,0.0,0.7419769190677727
P1896,0.5517241379310343,Male,0.3333333333333333,Rural,Married,0.42857142857142855,0.08445515823013594,0.5913453417506837,0.6996205769551511,0.5533067342604094,0.25,0.5,No,Yes,0.0,0.981878162831838
P1897,0.4482758620689653,Male,0.3333333333333333,Rural,Single,0.14285714285714285,0.6334426810351256,0.41632831672698056,0.6059510589660093,0.06256599321839004,0.0,0.8,Yes,Yes,0.0,0.2054231360755329
P1898,0.4827586206896548,Female,1.0,Urban,Single,0.0,0.2804811995876152,0.4554147487707577,0.9147338932805558,0.37265721193899887,1.0,0.9,No,No,0.0,0.37265721193899887
P1899,0.0,Male,0.0,Rural,Single,0.42857142857142855,0.32777570666279954,0.37602189831156607,0.2410426337773443,0.39516946123515456,0.0,0.1,Yes,Yes,0.0,0.8237408898065831
P1900,0.6896551724137931,Male,0.6666666666666666,Rural,Divorced,0.0,0.5931031754400965,0.4922645155550728,1.0,0.31223395792313,0.25,0.5,Yes,Yes,0.0,0.31223395792313
P1901,0.7241379310344827,Male,1.0,Rural,Single,0.14285714285714285,0.14756217381507608,0.19377411689091095,0.4150916413555517,0.21101611501891457,0.0,0.2,Yes,Yes,0.0,0.3538732578760574
P1902,0.7241379310344827,Female,1.0,Rural,Widowed,0.7142857142857142,0.21843289599576132,0.10755184892449987,0.7075457368139864,0.6410349092802614,0.5,0.1,Yes,No,0.0,1.3553206235659756
P1903,0.068965517241379,Female,0.6666666666666666,Urban,Widowed,0.14285714285714285,0.4613285573041891,0.21295672555613032,0.47173747732873156,0.44185067737503125,0.25,0.5,No,No,0.0,0.584707820232174
P1904,0.5172413793103448,Male,0.3333333333333333,Rural,Divorced,0.14285714285714285,0.5033967358445798,0.4024770395612104,0.5268532215996629,0.46372581261990015,0.25,0.30000000000000004,Yes,No,0.0,0.606582955477043
P1905,0.7586206896551722,Female,0.3333333333333333,Urban,Divorced,0.7142857142857142,0.40471653413763986,0.12719551530813678,0.21242289283572396,0.7436440242987028,1.0,0.4,No,Yes,0.0,1.457929738584417
P1906,0.8275862068965516,Male,1.0,Urban,Single,0.7142857142857142,0.4101528145106822,0.24850106189014765,0.9034836079362509,0.3539516692650519,1.0,0.4,Yes,Yes,0.0,1.0682373835507661
P1907,0.34482758620689635,Female,1.0,Urban,Married,0.5714285714285714,0.6280629923157409,0.25431013035724226,0.5523550190930946,0.307414265745333,1.0,0.2,No,Yes,0.0,0.8788428371739043
P1908,0.37931034482758585,Male,0.6666666666666666,Urban,Divorced,0.2857142857142857,0.522719740843442,0.505785674720992,0.5686335602463688,0.7284194357057627,0.5,0.30000000000000004,Yes,Yes,0.0,1.0141337214200483
P1909,0.31034482758620685,Male,0.3333333333333333,Rural,Divorced,0.0,0.5001949890879244,0.4836537200964327,1.0,0.0423218483490446,0.5,0.2,Yes,No,0.0,0.0423218483490446
P1910,0.5172413793103448,Female,0.0,Rural,Single,0.14285714285714285,0.5459410821322904,0.3764520167743485,0.8466329728131732,0.4132554874894234,0.75,0.6000000000000001,No,Yes,0.0,0.5561126303465662
P1911,0.2413793103448274,Male,0.0,Urban,Single,0.7142857142857142,0.3665682875518971,0.44564816029773746,0.4568919433150101,0.22349018956559666,0.25,0.0,No,Yes,0.0,0.9377759038513108
P1912,0.17241379310344795,Female,0.6666666666666666,Urban,Divorced,0.42857142857142855,0.7788609440238369,0.4492346261758128,0.4708039678542398,0.4713489114387265,1.0,0.5,Yes,No,0.0,0.899920340010155
P1913,0.37931034482758585,Female,0.3333333333333333,Urban,Married,0.0,0.032078080277919474,0.2975237168849144,0.6791195618919983,0.5385351458846974,0.25,0.30000000000000004,No,Yes,0.0,0.5385351458846974
P1914,0.7931034482758621,Male,1.0,Urban,Divorced,0.14285714285714285,0.6596535040197969,0.26500012611132207,0.8014499410347391,0.5519167344349327,0.0,0.0,No,Yes,0.0,0.6947738772920755
P1915,0.9310344827586206,Male,0.6666666666666666,Rural,Single,0.14285714285714285,0.5670179197905182,0.643033893749522,1.0,0.647817349338779,0.5,0.0,No,Yes,0.0,0.7906744921959219
P1916,0.6896551724137931,Female,0.0,Urban,Single,0.2857142857142857,0.45804804192514237,0.0,0.2318928088279532,0.3401916310027567,0.75,0.4,Yes,No,0.0,0.6259059167170424
P1917,0.2413793103448274,Male,0.6666666666666666,Rural,Divorced,0.5714285714285714,0.4300048262670185,0.2288539329204996,0.7909844201244318,0.35518024942348353,0.0,0.4,No,Yes,0.0,0.9266088208520549
P1918,0.8620689655172411,Male,0.3333333333333333,Urban,Married,0.2857142857142857,0.39074111714381565,0.32658499610728986,0.82944844807243,0.5276224886985575,0.25,0.9,Yes,No,0.0,0.8133367744128432
P1919,0.9310344827586206,Male,0.6666666666666666,Urban,Divorced,0.14285714285714285,0.6005739313272348,0.4654457140580631,0.42788636179943035,0.6144420678682069,0.5,0.6000000000000001,No,Yes,0.0,0.7572992107253498
P1920,0.10344827586206895,Male,0.6666666666666666,Urban,Divorced,0.14285714285714285,0.410022587666686,0.5700920956551258,0.5306598834589189,0.08813387182380693,1.0,0.30000000000000004,No,No,0.0,0.2309910146809498
P1921,0.8620689655172411,Male,1.0,Urban,Single,0.42857142857142855,0.2953525434128189,0.7012239280342084,0.22656978835260494,0.4765071074868439,0.0,0.8,Yes,No,0.0,0.9050785360582725
P1922,0.2413793103448274,Female,1.0,Rural,Married,0.2857142857142857,0.5669971475536136,0.34696169402361277,0.49698828650775834,0.3058589968958572,0.5,0.30000000000000004,No,No,0.0,0.591573282610143
P1923,0.8620689655172411,Female,0.3333333333333333,Rural,Widowed,0.42857142857142855,0.6807943723433095,0.35913897732912103,0.6724857141681075,0.42190653348010104,0.25,0.6000000000000001,No,Yes,0.0,0.8504779620515296
P1924,0.9310344827586206,Male,0.0,Rural,Married,0.2857142857142857,0.09547181282020778,0.4295654655663962,0.9985915585516698,0.3151341203721658,0.25,0.4,No,Yes,0.0,0.6008484060864515
P1925,0.5862068965517238,Male,0.6666666666666666,Urban,Divorced,0.14285714285714285,0.8095153051283867,0.26706892030383245,1.0,0.227073595808264,0.0,0.4,No,No,0.0,0.3699307386654068
P1926,0.9310344827586206,Male,0.0,Urban,Divorced,0.0,0.24387811707839302,0.14832049598984087,0.37047340837424764,0.15592025160665085,0.0,0.5,No,No,0.0,0.15592025160665085
P1927,0.9310344827586206,Female,0.3333333333333333,Rural,Divorced,0.5714285714285714,0.256616953914108,0.34613627886108767,0.9659675795850979,0.364609717844715,0.0,0.7000000000000001,No,Yes,0.0,0.9360382892732864
P1928,0.13793103448275845,Male,0.0,Rural,Married,0.7142857142857142,0.2091850467512314,0.49915859854578126,0.15018915888281342,0.4871604113635518,0.75,0.4,No,No,0.0,1.201446125649266
P1929,0.2758620689655169,Female,0.6666666666666666,Urban,Single,0.42857142857142855,0.41680817541077075,0.3194684643315492,0.47686770421822017,0.2558784940483248,1.0,0.2,Yes,Yes,0.0,0.6844499226197533
P1930,0.10344827586206895,Female,0.0,Urban,Divorced,0.0,0.20338028583856105,0.4388064343123804,0.5446543712907714,0.687167167957713,0.5,0.5,Yes,Yes,0.0,0.687167167957713
P1931,0.896551724137931,Female,0.6666666666666666,Rural,Divorced,0.14285714285714285,0.22362332269151908,0.023851397659720552,0.6772013119422216,0.9923564418618722,0.25,0.1,Yes,No,0.0,1.135213584719015
P1932,0.7241379310344827,Male,1.0,Urban,Married,0.5714285714285714,0.3019083254027304,0.366982658803538,0.6424175129662684,0.5003239358712321,0.25,0.7000000000000001,Yes,No,0.0,1.0717525072998035
P1933,0.5517241379310343,Female,0.0,Urban,Widowed,0.42857142857142855,0.4397426125323901,0.29028243805194076,0.7044742903535528,0.3910209239896086,1.0,0.7000000000000001,Yes,Yes,0.0,0.8195923525610371
P1934,0.2758620689655169,Male,0.0,Rural,Widowed,0.2857142857142857,0.45580893316125193,0.13179568081978454,0.5731109710376818,0.18148275411765222,0.0,0.2,No,Yes,0.0,0.46719703983193794
P1935,0.0,Female,0.3333333333333333,Urban,Single,0.2857142857142857,0.6235328799016807,0.48312954610633574,0.8466679242910538,0.48996353951201055,0.0,0.7000000000000001,Yes,Yes,0.0,0.7756778252262962
P1936,0.6896551724137931,Male,1.0,Rural,Single,0.2857142857142857,0.6196914621991522,0.6992082853226028,0.7825604821870717,0.7562966700244501,0.25,0.8,Yes,No,0.0,1.0420109557387358
P1937,0.6551724137931032,Female,0.3333333333333333,Urban,Divorced,0.5714285714285714,0.5874352190162674,0.5436288955783427,0.5475866962305738,0.8696755726299024,1.0,0.4,No,Yes,0.0,1.4411041440584738
P1938,0.4137931034482758,Male,0.3333333333333333,Rural,Married,0.14285714285714285,0.373063804822379,0.5552270919051708,0.8186082195216642,0.73680615518316,0.25,0.4,Yes,No,0.0,0.8796632980403027
P1939,0.9310344827586206,Female,0.0,Urban,Divorced,0.0,0.1098030370005687,0.4931776426576008,1.0,0.6038110287293994,0.0,0.5,No,No,0.0,0.6038110287293994
P1940,0.5172413793103448,Male,0.6666666666666666,Rural,Single,0.14285714285714285,0.10611426694933435,0.48117299084476717,0.4557194241091645,0.4996186608641886,0.5,0.6000000000000001,No,Yes,0.0,0.6424758037213314
P1941,0.96551724137931,Male,0.3333333333333333,Rural,Married,0.7142857142857142,0.5862883126849688,0.036466920804451575,1.0,0.14866849251718853,0.0,0.2,Yes,No,0.0,0.8629542068029027
P1942,0.4137931034482758,Male,0.6666666666666666,Rural,Married,0.5714285714285714,0.5572924119512285,0.3403725545323656,0.47721597592279735,0.37695126685547337,0.5,0.4,Yes,No,0.0,0.9483798382840447
P1943,0.4482758620689653,Male,1.0,Rural,Single,0.14285714285714285,0.313882589592659,0.456121775753794,0.9545868188857749,0.3490081225216805,0.75,0.0,No,No,0.0,0.49186526537882336
P1944,0.068965517241379,Female,0.3333333333333333,Urban,Widowed,0.5714285714285714,0.176543958117093,0.46025541476379395,0.4862039203521981,0.3785191485477033,1.0,1.0,No,No,0.0,0.9499477199762747
P1945,0.96551724137931,Female,1.0,Urban,Widowed,0.7142857142857142,0.24214149613848468,0.5948556707763099,0.8002366449945391,0.2278757322876461,0.75,0.9,Yes,Yes,0.0,0.9421614465733603
P1946,0.17241379310344795,Male,0.0,Rural,Married,0.0,0.4457823836999214,0.17592770006669478,0.6599251145811573,0.5832553607289481,0.0,0.4,No,Yes,0.0,0.5832553607289481
P1947,0.5862068965517238,Female,1.0,Urban,Divorced,0.14285714285714285,0.4460934999758227,0.4740493846195818,0.18947604722252304,0.3350585954112564,1.0,0.30000000000000004,Yes,No,0.0,0.4779157382683992
P1948,0.6206896551724137,Male,0.6666666666666666,Urban,Widowed,0.2857142857142857,0.5904218788545,0.1699925447286158,1.0,0.3155330354185895,0.0,0.0,Yes,No,0.0,0.6012473211328753
P1949,0.13793103448275845,Male,1.0,Urban,Divorced,0.14285714285714285,0.34160759046541733,0.3251455291201709,0.4025201829455424,0.22869018449941278,1.0,0.6000000000000001,Yes,No,0.0,0.3715473273565556
P1950,0.4827586206896548,Female,0.0,Urban,Widowed,0.5714285714285714,0.3759939952497263,0.35237036232085883,0.3129390270294939,0.45682384002563287,1.0,0.0,Yes,No,0.0,1.0282524114542042
P1951,0.8275862068965516,Male,0.0,Urban,Widowed,0.2857142857142857,0.6042202176610733,0.5204674389179912,0.46381678394376186,0.7610114425098291,0.0,0.7000000000000001,No,No,0.0,1.0467257282241147
P1952,0.0344827586206895,Male,0.3333333333333333,Rural,Divorced,0.2857142857142857,0.06248418310206094,0.49908243425460797,1.0,0.39848497154108126,0.0,0.9,No,Yes,0.0,0.684199257255367
P1953,0.31034482758620685,Female,0.3333333333333333,Rural,Single,0.42857142857142855,0.4695754911528377,0.3855146523112071,0.3167425060696279,0.4687174804437642,1.0,0.1,Yes,Yes,0.0,0.8972889090151928
P1954,0.7931034482758621,Male,0.3333333333333333,Rural,Widowed,0.14285714285714285,0.36096187022801074,0.0,0.659592407831479,0.8664955881590296,1.0,0.9,Yes,Yes,0.0,1.0093527310161725
P1955,1.0,Male,0.3333333333333333,Rural,Widowed,0.14285714285714285,0.5354599631589575,0.44451522418037326,0.348000067435216,0.6904461988991963,0.0,0.4,No,Yes,0.0,0.8333033417563391
P1956,0.5862068965517238,Male,0.0,Urban,Divorced,0.0,0.5021011004768904,0.31496791326567497,0.3890508901671244,0.5423312244788867,0.0,0.5,No,No,0.0,0.5423312244788867
P1957,0.896551724137931,Male,0.3333333333333333,Urban,Single,0.5714285714285714,0.30061505926838916,0.6166919802943819,0.2339702708352676,0.5322161993496943,0.25,0.8,No,No,0.0,1.1036447707782657
P1958,0.4137931034482758,Female,1.0,Rural,Widowed,0.2857142857142857,0.3321108572535031,0.57336246260734,0.6923759423456515,0.2558645153977027,0.25,0.6000000000000001,No,Yes,0.0,0.5415788011119884
P1959,0.13793103448275845,Female,0.3333333333333333,Urban,Widowed,0.14285714285714285,0.03300409574205321,0.1930867441989711,0.5783155439768193,0.2323364618152732,0.25,0.5,No,Yes,0.0,0.375193604672416
P1960,0.7586206896551722,Female,0.0,Urban,Single,0.2857142857142857,0.5416652497103035,0.4694862252710156,0.346035824088288,0.4349584970472936,0.75,0.4,Yes,Yes,0.0,0.7206727827615793
P1961,0.7931034482758621,Male,0.3333333333333333,Rural,Widowed,0.14285714285714285,0.45662897001077163,0.4730746556655282,0.825984927414845,0.4410606429898806,1.0,0.5,Yes,No,0.0,0.5839177858470235
P1962,0.0,Male,0.0,Urban,Single,0.14285714285714285,0.6497520592419522,0.4598515599303502,0.8512486575368037,0.19651751922442864,0.5,1.0,Yes,No,0.0,0.3393746620815715
P1963,0.7241379310344827,Female,1.0,Rural,Single,0.0,0.35009999397324243,0.4362874681355634,0.7144153400228708,0.5701288890955757,0.75,0.30000000000000004,Yes,No,0.0,0.5701288890955757
P1964,0.0,Male,0.0,Rural,Divorced,0.0,0.5690559329413375,0.4782099248124091,0.8972065792777759,0.33423271483134165,1.0,0.0,No,Yes,0.0,0.33423271483134165
P1965,0.5862068965517238,Male,0.6666666666666666,Urban,Married,0.2857142857142857,0.23834565907264338,0.6366337846498175,0.5333533555142678,0.6721340002559958,0.5,0.8,No,Yes,0.0,0.9578482859702815
P1966,0.4827586206896548,Male,1.0,Urban,Single,0.2857142857142857,0.0,0.26338539395881166,0.6941013748566285,0.387611407324331,0.25,1.0,Yes,No,0.0,0.6733256930386167
P1967,0.5517241379310343,Male,1.0,Rural,Divorced,1.0,0.4009143432720389,0.1989437048623418,0.5342776913764731,0.3663186358523131,0.5,0.4,Yes,No,0.0,1.3663186358523132
P1968,0.34482758620689635,Female,0.6666666666666666,Rural,Married,0.42857142857142855,0.32221970749116235,0.505948206455546,0.256019017392253,0.17543647759839995,0.0,0.7000000000000001,No,No,0.0,0.6040079061698285
P1969,0.6896551724137931,Female,1.0,Urban,Widowed,0.42857142857142855,0.2415297623692133,0.02120689188524394,0.6694096254055786,0.20178711538343913,0.0,0.6000000000000001,Yes,Yes,0.0,0.6303585439548677
P1970,0.8620689655172411,Female,1.0,Rural,Married,0.7142857142857142,0.5663508989144362,0.48254979282961286,0.6549078625398632,0.7179479643129436,1.0,0.7000000000000001,Yes,No,0.0,1.4322336785986578
P1971,0.8275862068965516,Male,0.6666666666666666,Rural,Single,0.42857142857142855,0.6180411122572597,0.4503525397349176,0.6096866615095207,0.46564383641798707,0.75,0.0,No,No,0.0,0.8942152649894156
P1972,0.7241379310344827,Female,0.6666666666666666,Rural,Single,0.14285714285714285,0.43423687989431003,0.0,0.7064320568978273,0.49459303177707603,0.25,0.8,No,Yes,0.0,0.6374501746342189
P1973,0.896551724137931,Female,0.6666666666666666,Urban,Single,0.2857142857142857,0.3862468217303058,0.2479387891617516,0.9549642710056325,0.7859994551217776,1.0,0.0,No,No,0.0,1.0717137408360633
P1974,0.896551724137931,Male,0.6666666666666666,Rural,Single,0.0,0.42711806231708704,0.6501771864741789,0.5679722450149078,0.08397576291065552,0.25,0.2,Yes,No,0.0,0.08397576291065552
P1975,0.5517241379310343,Male,0.6666666666666666,Urban,Single,0.2857142857142857,0.3078456260164454,0.09869517623346546,0.38774348889358917,0.5624209768130751,0.0,0.7000000000000001,No,No,0.0,0.8481352625273608
P1976,0.4137931034482758,Female,0.3333333333333333,Rural,Divorced,0.42857142857142855,0.5104326580714004,0.40228938453625995,0.557597605581664,0.01895065627666794,0.75,1.0,No,No,0.0,0.44752208484809647
P1977,0.0,Female,0.3333333333333333,Urban,Single,0.7142857142857142,0.16010466897309372,0.18092630909203922,0.5841527426865198,0.29565723257174503,0.75,0.0,Yes,Yes,0.0,1.0099429468574592
P1978,0.0344827586206895,Female,0.0,Rural,Divorced,0.2857142857142857,0.23782031192830133,0.2347370356251336,0.8524141567579866,0.12547351176416843,0.0,0.0,No,No,0.0,0.41118779747845413
P1979,0.2758620689655169,Female,0.0,Urban,Widowed,0.14285714285714285,0.284789808115533,0.7120579673504256,0.6424540885754937,0.6074870740411498,0.5,0.5,Yes,Yes,0.0,0.7503442168982926
P1980,0.068965517241379,Male,0.3333333333333333,Urban,Single,0.42857142857142855,0.5068925718302549,0.3860807901429345,0.34200790794895614,0.0,0.75,0.4,Yes,No,0.0,0.42857142857142855
P1981,0.0,Female,0.0,Urban,Single,0.0,0.3662516904927927,0.4576273979205313,0.8097647671015997,0.34559057421846084,0.5,1.0,Yes,Yes,0.0,0.34559057421846084
P1982,0.6896551724137931,Female,0.6666666666666666,Rural,Married,0.42857142857142855,0.6433983991171789,0.343188258831543,0.7713773509965891,0.1221818280703118,0.25,0.5,Yes,No,0.0,0.5507532566417404
P1983,0.5172413793103448,Male,0.3333333333333333,Rural,Widowed,0.42857142857142855,0.5505516260630848,0.08815757925497758,0.6425592806715184,0.19530423163848404,0.75,0.2,No,No,0.0,0.6238756602099126
P1984,0.7586206896551722,Female,1.0,Rural,Single,0.7142857142857142,0.28315113740627573,0.14819578056406157,0.8439522838405469,0.23237453948346995,0.0,0.9,Yes,Yes,0.0,0.9466602537691842
P1985,0.17241379310344795,Male,0.0,Urban,Single,0.2857142857142857,0.52224429839977,0.5778964228440421,0.8840230004105174,0.7182703621339266,0.5,0.9,No,No,0.0,1.0039846478482124
P1986,0.9310344827586206,Male,0.3333333333333333,Rural,Widowed,0.0,0.3486321619746636,0.3914349360628607,0.5265463781406319,0.3202964414744759,0.25,0.5,No,No,0.0,0.3202964414744759
P1987,0.5517241379310343,Male,0.6666666666666666,Urban,Divorced,0.14285714285714285,0.495530082503994,0.22358393528063913,0.40139266033410076,0.8164738544005695,0.25,0.1,No,Yes,0.0,0.9593309972577124
P1988,0.13793103448275845,Female,0.6666666666666666,Rural,Single,0.42857142857142855,0.5586286939321622,0.35962694522602534,0.6140724675932079,0.8668145197797941,0.75,0.7000000000000001,No,No,0.0,1.2953859483512227
P1989,0.13793103448275845,Female,0.0,Urban,Married,0.5714285714285714,0.6024524336354528,0.48392690241526337,0.7453956098762649,0.9094178898195856,0.75,0.5,No,No,0.0,1.480846461248157
P1990,0.17241379310344795,Male,1.0,Urban,Single,0.5714285714285714,0.45033692830631933,0.4462706995606024,0.5916911400109033,0.3868034935222988,1.0,0.30000000000000004,Yes,No,0.0,0.9582320649508702
P1991,0.068965517241379,Female,1.0,Urban,Married,0.42857142857142855,0.6833539477467031,0.22367469086984626,0.3802602272067473,0.45154517098165947,1.0,0.30000000000000004,No,No,0.0,0.880116599553088
P1992,0.6896551724137931,Female,0.3333333333333333,Rural,Married,0.14285714285714285,0.4902190593435455,0.07721758564779024,0.6558641517896198,0.49186341024525226,0.75,1.0,Yes,No,0.0,0.6347205531023952
P1993,0.7586206896551722,Male,0.3333333333333333,Rural,Single,0.0,0.4391753599096052,0.289627901232446,0.13004003878426212,0.31253622287643934,1.0,0.6000000000000001,Yes,Yes,0.0,0.31253622287643934
P1994,0.13793103448275845,Male,1.0,Rural,Single,0.2857142857142857,0.3662476020566773,0.5652815701703103,0.5392311074639273,0.5030291161041479,0.0,0.2,Yes,Yes,0.0,0.7887434018184336
P1995,0.6896551724137931,Female,0.6666666666666666,Urban,Married,0.42857142857142855,0.31144849663527197,0.5189776300194927,0.8207085276144281,0.17596577766037344,0.0,1.0,No,No,0.0,0.604537206231802
P1996,0.13793103448275845,Male,0.6666666666666666,Urban,Widowed,0.2857142857142857,0.48664728767695087,0.4382551390773023,0.8337028486325937,0.0,1.0,0.2,No,No,0.0,0.2857142857142857
P1998,0.31034482758620685,Female,0.3333333333333333,Rural,Single,0.42857142857142855,0.4601376001057317,0.26968240689806955,0.5708060794192389,0.3167977072925583,0.0,0.8,No,Yes,0.0,0.7453691358639869
P1999,0.6206896551724137,Female,0.3333333333333333,Rural,Divorced,0.14285714285714285,0.496790971259382,0.33594029009920734,0.7603991110921582,0.1659834046662438,0.25,0.0,Yes,Yes,0.0,0.30884054752338663
P2000,0.5517241379310343,Female,0.3333333333333333,Urban,Widowed,0.42857142857142855,0.45943357969050813,0.5057766662367492,0.33532962522579296,0.19640651470249681,0.75,0.4,No,Yes,0.0,0.6249779432739253
P2001,0.6896551724137931,Male,0.6666666666666666,Urban,Single,0.42857142857142855,0.752215901154642,0.5473073840428656,0.5278598331715225,0.7654251490915188,0.5,0.0,No,Yes,0.0,1.1939965776629473
P2002,0.4482758620689653,Male,0.6666666666666666,Urban,Widowed,0.5714285714285714,0.3286725193036437,0.31603877001413305,0.906076605783193,0.5125897558710198,0.5,0.0,Yes,Yes,0.0,1.0840183272995914
P2003,0.2758620689655169,Male,0.6666666666666666,Urban,Divorced,0.2857142857142857,0.48871555735328454,0.824769329005017,0.5009939753064716,0.03472775772346213,0.75,0.2,Yes,No,0.0,0.32044204343774785
P2004,0.4482758620689653,Male,0.3333333333333333,Urban,Single,0.14285714285714285,0.37871779735854305,0.38043705014128293,0.9996747781894695,0.11539400920105015,1.0,0.2,Yes,No,0.0,0.258251152058193
P2005,0.0,Female,0.3333333333333333,Rural,Divorced,0.42857142857142855,0.006421314404126632,0.3005535545572905,0.4394557700502591,0.33072487224605307,0.0,0.30000000000000004,Yes,No,0.0,0.7592963008174816
P2006,0.6206896551724137,Female,0.3333333333333333,Urban,Single,0.14285714285714285,0.3844211961885925,0.6319398979290091,0.9544800858600222,0.5155478726622196,0.0,0.2,Yes,No,0.0,0.6584050155193624
P2007,0.4137931034482758,Male,0.6666666666666666,Urban,Divorced,0.7142857142857142,0.2605838240135765,0.0,0.6249520468494323,0.20979511010898352,0.75,0.5,Yes,No,0.0,0.9240808243946977
P2008,0.4137931034482758,Female,0.6666666666666666,Urban,Widowed,0.2857142857142857,0.4055295901932644,0.45091521719370087,0.4066203073912518,0.35933590556284317,0.25,0.30000000000000004,Yes,Yes,0.0,0.6450501912771289
P2009,0.10344827586206895,Female,0.0,Urban,Widowed,0.42857142857142855,0.4122662464447159,0.35040029224849134,0.9552783158893454,0.4284976664961302,1.0,0.7000000000000001,No,Yes,0.0,0.8570690950675588
P2010,1.0,Female,1.0,Urban,Divorced,0.0,0.4808929813232231,0.6269426036129743,0.32805273384547756,0.4334814930256845,0.25,0.0,No,Yes,0.0,0.4334814930256845
P2011,0.0,Male,0.0,Rural,Divorced,0.14285714285714285,0.32830343744730517,0.47362242884548944,0.42633836901940475,0.0,0.75,0.7000000000000001,Yes,Yes,0.0,0.14285714285714285
P2012,0.5517241379310343,Male,1.0,Urban,Divorced,0.5714285714285714,0.34915118071050977,0.388927667243938,0.7342161851360518,0.45425975597859963,0.75,1.0,Yes,Yes,0.0,1.025688327407171
P2013,0.2413793103448274,Male,0.0,Urban,Single,0.14285714285714285,0.5334489421349912,0.48411523591755434,0.6362659152718468,0.0,0.25,0.0,No,Yes,0.0,0.14285714285714285
P2014,0.0344827586206895,Female,0.6666666666666666,Urban,Widowed,0.7142857142857142,0.281823578419813,0.17171230688713623,0.6825104647128293,0.3320434358191452,0.5,1.0,Yes,No,0.0,1.0463291501048593
P2015,0.9310344827586206,Male,0.0,Rural,Single,0.0,0.11025783488178476,0.5394217880870654,0.5287304757597022,0.28031809729199453,0.75,0.0,Yes,No,0.0,0.28031809729199453
P2016,0.2413793103448274,Male,1.0,Rural,Widowed,0.2857142857142857,0.442838559487747,0.11916622599755089,0.3297482258121281,0.14143595446288376,1.0,0.6000000000000001,Yes,Yes,0.0,0.42715024017716946
P2017,0.2068965517241379,Male,0.3333333333333333,Rural,Married,0.5714285714285714,0.5951414579280409,0.4288177056026118,0.4607480459671564,0.6037767665069927,0.25,0.0,Yes,No,0.0,1.175205337935564
P2018,0.8620689655172411,Male,0.0,Urban,Single,0.2857142857142857,0.5315300792744809,0.37011169837927727,0.9330559005320942,0.130552107194814,0.5,0.8,Yes,Yes,0.0,0.4162663929090997
P2019,0.8620689655172411,Male,0.3333333333333333,Rural,Widowed,0.2857142857142857,0.445914032588384,0.043080986114286235,0.29680602303990805,0.2751407074204628,0.25,0.7000000000000001,No,No,0.0,0.5608549931347485
P2020,0.0344827586206895,Male,0.0,Urban,Widowed,0.2857142857142857,0.6251075572247963,0.3761712832901908,1.0,0.6123329143020467,0.5,0.0,Yes,Yes,0.0,0.8980472000163324
P2021,0.7241379310344827,Female,0.0,Urban,Single,0.14285714285714285,0.5970028731941527,0.41490668212841786,0.6925413347310632,0.26826934119352075,0.5,0.1,Yes,Yes,0.0,0.4111264840506636
P2022,0.7241379310344827,Female,1.0,Rural,Single,0.2857142857142857,0.36151424537849,0.2445680047349469,0.47402450576691474,0.2184701974556508,1.0,0.1,Yes,No,0.0,0.5041844831699365
P2023,0.068965517241379,Male,0.3333333333333333,Urban,Widowed,0.14285714285714285,0.45792028805617824,0.17955963657407115,0.13756947933048164,0.33643206181170365,0.75,0.1,No,Yes,0.0,0.4792892046688465
P2024,0.896551724137931,Male,0.6666666666666666,Urban,Single,0.2857142857142857,0.46507670377274,0.45312316425970856,0.1690224468406974,0.5309664080075793,0.5,0.5,No,No,0.0,0.816680693721865
P2025,0.5862068965517238,Female,0.6666666666666666,Urban,Divorced,0.2857142857142857,0.40220822854290506,0.42951181839287444,0.5317076185735088,0.7488708961210844,0.75,0.30000000000000004,Yes,No,0.0,1.0345851818353702
P2026,0.37931034482758585,Female,0.6666666666666666,Rural,Single,0.0,0.6057079284789798,0.4048761980461896,0.5026985436349025,0.17574316154533104,1.0,0.7000000000000001,Yes,Yes,0.0,0.17574316154533104
P2027,0.0,Male,0.0,Urban,Single,0.42857142857142855,0.39130992776720486,0.3652439586099786,0.6451082551539831,0.19523841492625618,0.75,0.0,Yes,Yes,0.0,0.6238098434976848
P2028,0.7241379310344827,Male,0.3333333333333333,Urban,Single,0.2857142857142857,0.33328685149916737,0.2606249060044369,1.0,0.33446425414749126,0.0,0.9,Yes,Yes,0.0,0.620178539861777
P2029,0.37931034482758585,Male,0.6666666666666666,Rural,Widowed,0.0,0.0,0.7767602641208667,0.7456307973094924,0.45630438033898185,0.5,0.30000000000000004,No,No,0.0,0.45630438033898185
P2030,0.13793103448275845,Male,1.0,Urban,Divorced,0.42857142857142855,0.28361601960438143,0.30939439268216573,0.5861043761980431,0.21564677127408355,1.0,0.9,No,No,0.0,0.6442181998455121
P2031,1.0,Female,0.3333333333333333,Urban,Married,0.2857142857142857,0.19743034853276142,0.2063430248238577,0.9082620043796736,0.5665845820560399,0.25,1.0,Yes,Yes,0.0,0.8522988677703256
P2032,1.0,Male,0.3333333333333333,Rural,Married,0.5714285714285714,0.40993397478892757,0.37353223185638795,0.6529867012008768,0.1802763208242748,1.0,0.4,Yes,Yes,0.0,0.7517048922528462
P2033,0.896551724137931,Male,0.3333333333333333,Urban,Divorced,0.0,0.20771845825620772,0.3307379915797969,0.999930325105153,0.0,0.5,0.8,No,Yes,0.0,0.0
P2034,0.8275862068965516,Male,1.0,Urban,Divorced,0.42857142857142855,0.5181141236114836,0.3051794893788199,0.4560000717815073,0.5288669445927616,1.0,0.4,No,Yes,0.0,0.9574383731641902
P2035,0.5517241379310343,Male,0.3333333333333333,Urban,Divorced,0.2857142857142857,0.601406268035673,0.7044138346556336,0.34210334043492957,0.5567277202269033,0.25,1.0,Yes,Yes,0.0,0.842442005941189
P2036,0.5172413793103448,Female,0.3333333333333333,Urban,Widowed,0.2857142857142857,0.4114738735686466,0.1582276694537078,0.13798146418874052,0.6522465143564208,0.0,0.2,Yes,Yes,0.0,0.9379608000707065
P2037,0.4827586206896548,Female,1.0,Urban,Married,0.42857142857142855,0.25266371395604303,0.37044310341703734,0.5916776557477075,0.0,0.5,1.0,Yes,Yes,0.0,0.42857142857142855
P2038,0.7586206896551722,Female,0.0,Rural,Divorced,0.2857142857142857,0.46440006269692236,0.17042308637663417,0.32130888261905904,0.240817415989886,0.5,0.30000000000000004,No,No,0.0,0.5265317017041717
P2039,0.4827586206896548,Male,0.0,Rural,Widowed,0.2857142857142857,0.7322458430146713,0.2652682233825404,0.3179182040281631,0.340545058313895,1.0,0.9,No,No,0.0,0.6262593440281807
P2040,0.13793103448275845,Male,0.6666666666666666,Rural,Married,0.14285714285714285,0.6804134382207602,0.679293809071824,0.864560515254053,0.8236023745783623,0.75,0.6000000000000001,No,Yes,0.0,0.9664595174355051
P2041,0.6896551724137931,Female,1.0,Rural,Single,0.0,0.18232021779376284,0.41480819194943497,0.2045975319544419,0.36264253104486416,0.75,0.0,No,Yes,0.0,0.36264253104486416
P2042,0.4482758620689653,Male,0.3333333333333333,Urban,Widowed,0.14285714285714285,0.1761364627552936,0.4126128354887971,0.6417107545954432,0.07701669865895637,0.25,1.0,Yes,No,0.0,0.21987384151609923
P2043,0.0344827586206895,Male,0.3333333333333333,Urban,Married,0.42857142857142855,0.13341059336667538,0.1928215948858446,0.5969878097344761,0.4723259268275634,0.0,0.5,No,Yes,0.0,0.900897355398992
P2044,0.34482758620689635,Female,0.3333333333333333,Urban,Widowed,0.14285714285714285,0.22717009104161323,0.28643244386967603,0.6389747390030722,0.7159493214825594,0.0,0.7000000000000001,No,No,0.0,0.8588064643397022
P2045,0.6206896551724137,Female,0.3333333333333333,Urban,Married,0.2857142857142857,0.4585987447947716,0.6951130039197279,0.9483081950506931,0.6647530521243427,1.0,0.0,No,No,0.0,0.9504673378386284
P2046,0.2068965517241379,Female,0.6666666666666666,Urban,Married,0.0,0.3238842874716792,0.4544294993521659,0.4192228090558761,0.5360893825113395,1.0,0.7000000000000001,Yes,Yes,0.0,0.5360893825113395
P2047,0.17241379310344795,Female,0.3333333333333333,Rural,Single,0.0,0.2768883273525652,0.30187002697401744,0.9485107551049952,0.464120731595536,0.75,0.6000000000000001,No,No,0.0,0.464120731595536
P2048,0.9310344827586206,Male,0.3333333333333333,Rural,Widowed,0.14285714285714285,0.5898516279194087,0.4437467739945343,0.19547452282972805,0.0,0.0,0.0,No,No,0.0,0.14285714285714285
P2049,0.0344827586206895,Male,0.3333333333333333,Urban,Divorced,0.14285714285714285,0.5050155198479379,0.4123025205838563,0.7727213049944177,0.40711516089832284,0.0,0.8,No,Yes,0.0,0.5499723037554657
P2050,0.17241379310344795,Female,0.6666666666666666,Urban,Single,0.5714285714285714,0.1325495621410313,0.21101097202693142,0.9704003878654013,0.4437949362141263,0.0,1.0,Yes,Yes,0.0,1.0152235076426976
P2052,0.0344827586206895,Female,1.0,Rural,Married,0.42857142857142855,0.5010057870770065,0.7735520185650663,0.6084419696219914,0.571043809417308,0.25,0.1,Yes,Yes,0.0,0.9996152379887366
P2053,0.5862068965517238,Female,0.0,Urban,Divorced,0.0,0.5047105430050621,0.4349095606266621,0.5889674831756755,0.3586019126975327,1.0,0.6000000000000001,Yes,No,0.0,0.3586019126975327
P2054,1.0,Male,1.0,Urban,Widowed,0.14285714285714285,0.3215876626782387,0.07835599794371939,0.6341185175378323,0.31227752555047744,0.75,1.0,No,No,0.0,0.4551346684076203
P2055,0.4827586206896548,Female,1.0,Urban,Divorced,0.2857142857142857,0.38544930336751826,0.45640184513571136,1.0,0.6508866242997999,0.5,0.2,Yes,No,0.0,0.9366009100140856
P2056,0.896551724137931,Male,0.3333333333333333,Rural,Divorced,0.2857142857142857,0.0878797453004806,0.6005615041868991,0.4340817840540259,0.3014459894815227,0.75,0.0,No,No,0.0,0.5871602751958084
P2057,0.6206896551724137,Male,0.3333333333333333,Urban,Divorced,0.8571428571428571,0.5611644454224375,0.19920396724495848,0.33331209956095337,0.4164941949661745,0.25,0.9,Yes,No,0.0,1.2736370521090317
P2058,0.0344827586206895,Male,0.3333333333333333,Rural,Divorced,0.42857142857142855,0.2501788314497806,0.2805741278757309,0.6358601546854314,0.6168548296458409,0.25,0.2,Yes,No,0.0,1.0454262582172695
P2059,0.6551724137931032,Male,0.3333333333333333,Rural,Divorced,0.2857142857142857,0.2715618281510094,0.6279583554470033,0.8861075591453365,0.15780976774301744,1.0,0.5,No,Yes,0.0,0.44352405345730317
P2060,0.8275862068965516,Female,0.3333333333333333,Rural,Married,0.2857142857142857,0.2693097842733805,0.3699840852411326,0.7506685593351161,0.13170429722737478,0.5,0.2,No,Yes,0.0,0.41741858294166045
P2061,0.17241379310344795,Male,0.0,Rural,Married,0.2857142857142857,0.71673351948397,0.3376585049470381,0.625133638707503,0.7276128306643269,0.0,0.4,Yes,Yes,0.0,1.0133271163786126
P2062,0.0,Female,0.3333333333333333,Rural,Single,0.2857142857142857,0.30521598920628545,0.1207167218402766,0.5620318043686343,0.258355296486925,0.5,0.8,Yes,Yes,0.0,0.5440695822012107
P2063,0.7931034482758621,Female,1.0,Rural,Married,0.5714285714285714,0.5737100455906207,0.5582847833601575,0.13640170895672804,0.5675153412022296,0.5,0.6000000000000001,Yes,No,0.0,1.138943912630801
P2064,0.4827586206896548,Female,0.3333333333333333,Urban,Single,0.14285714285714285,0.4126679825195366,0.32936926604534034,0.757187606277804,0.0,0.5,0.1,Yes,No,0.0,0.14285714285714285
P2065,0.9310344827586206,Female,1.0,Urban,Single,0.2857142857142857,0.27848171442742,0.0,0.7857939374612315,0.0,1.0,0.0,No,No,0.0,0.2857142857142857
P2066,1.0,Male,0.6666666666666666,Urban,Widowed,0.2857142857142857,0.24826665778671697,0.0777022700424993,0.4511523175116518,0.4885615227636723,0.25,0.6000000000000001,Yes,No,0.0,0.774275808477958
P2067,0.7586206896551722,Male,1.0,Rural,Divorced,0.0,0.311857318752668,0.26153079723950945,0.5056492957131562,0.3702637911239049,0.0,0.30000000000000004,Yes,No,0.0,0.3702637911239049
P2068,0.31034482758620685,Female,0.6666666666666666,Urban,Married,0.2857142857142857,0.40425643220402085,0.1685741285158845,0.3659411609875403,0.4908231612279741,0.5,1.0,No,Yes,0.0,0.7765374469422598
P2069,0.6206896551724137,Female,0.0,Rural,Widowed,0.42857142857142855,0.5169561843980289,0.1970978629636403,0.8247686369000737,0.8519289881357622,0.0,0.6000000000000001,Yes,Yes,0.0,1.2805004167071907
P2070,0.5517241379310343,Male,0.6666666666666666,Rural,Married,0.7142857142857142,0.33816805341826395,0.7899399809642601,0.5293175621424406,0.10328028909954552,0.5,0.5,No,Yes,0.0,0.8175660033852598
P2071,0.13793103448275845,Female,0.0,Rural,Single,0.14285714285714285,0.33193137636994674,0.49227691157565523,0.5811683666093996,0.4101273738404412,0.25,0.6000000000000001,No,No,0.0,0.552984516697584
P2072,0.96551724137931,Male,0.3333333333333333,Urban,Married,0.0,0.26980747584965437,0.0,0.7675791396789899,0.7563665184407692,0.0,0.30000000000000004,No,No,0.0,0.7563665184407692
P2073,0.10344827586206895,Female,1.0,Rural,Divorced,0.2857142857142857,0.217659643089963,0.306486925232636,0.6952025873417464,0.13800617576401267,0.75,0.2,Yes,Yes,0.0,0.42372046147829834
P2074,0.31034482758620685,Male,0.0,Rural,Single,0.2857142857142857,0.203718163374623,0.34736483502656934,0.7517809997288212,0.26027619577984823,0.25,0.4,No,No,0.0,0.5459904814941339
P2075,0.7931034482758621,Female,0.3333333333333333,Urban,Single,0.0,0.5813381529899336,0.09510292110243024,0.6587768671112657,0.0,0.0,0.2,No,No,0.0,0.0
P2076,0.5517241379310343,Female,0.6666666666666666,Urban,Widowed,0.2857142857142857,0.3285268192298547,0.4607975100974441,0.66411155807765,0.9392876668161827,0.5,0.2,No,Yes,0.0,1.2250019525304685
P2077,0.31034482758620685,Male,1.0,Rural,Divorced,0.8571428571428571,0.3432873500740391,0.0,0.6618416703242107,0.0,0.5,0.30000000000000004,Yes,No,0.0,0.8571428571428571
P2078,0.5517241379310343,Female,0.6666666666666666,Rural,Single,0.0,0.30556456950319133,0.563081265049158,0.7253564944270321,0.5930520428308951,0.25,0.7000000000000001,Yes,Yes,0.0,0.5930520428308951
P2079,0.9310344827586206,Female,0.3333333333333333,Urban,Divorced,0.0,0.3638572850120626,0.625732723949615,0.7369905953833944,0.08344379304808129,0.25,0.1,Yes,Yes,0.0,0.08344379304808129
P2080,0.6551724137931032,Male,0.6666666666666666,Urban,Married,0.42857142857142855,0.47851236238723904,0.7913791052649094,0.3236872506252098,0.14813342873608298,0.5,0.30000000000000004,Yes,Yes,0.0,0.5767048573075115
P2081,0.7931034482758621,Female,0.3333333333333333,Urban,Divorced,1.0,0.3355198631383963,0.07739468104856129,0.4739312857656532,0.6568902021930563,0.0,1.0,No,Yes,0.0,1.6568902021930563
P2082,0.13793103448275845,Male,0.6666666666666666,Rural,Single,0.14285714285714285,0.4467899812384285,0.11438229845452075,0.5682264495142157,0.2223191221768223,0.75,0.2,No,No,0.0,0.36517626503396516
P2083,0.0344827586206895,Male,1.0,Urban,Widowed,0.14285714285714285,0.6530347482496067,0.4895767335004967,0.7250937220687617,0.5577376333188981,1.0,0.6000000000000001,No,No,0.0,0.7005947761760409
P2084,0.17241379310344795,Female,0.6666666666666666,Urban,Single,0.42857142857142855,0.2800559973021324,0.5786691009210868,0.9993830822175809,0.7329272426014921,0.25,0.1,Yes,No,0.0,1.1614986711729207
P2085,0.6896551724137931,Female,1.0,Urban,Divorced,0.2857142857142857,0.34342195500163186,0.5107186657015584,0.4222080561746208,0.4492212815622909,0.5,0.0,No,Yes,0.0,0.7349355672765766
P2086,0.0344827586206895,Female,0.0,Rural,Divorced,0.14285714285714285,0.5235100449019682,0.5599485467625928,0.8272893780666539,0.6148712723257969,0.0,0.9,Yes,No,0.0,0.7577284151829398
P2087,0.4137931034482758,Female,0.6666666666666666,Urban,Single,0.2857142857142857,0.6662160278636543,0.6139686112663699,0.4806945711372546,0.4203478263479722,0.25,0.0,Yes,Yes,0.0,0.7060621120622579
P2088,1.0,Female,1.0,Urban,Divorced,0.5714285714285714,0.20961495368729965,0.4004091628234968,0.945055420957783,0.43149387176490406,0.0,0.5,Yes,No,0.0,1.0029224431934756
P2089,0.34482758620689635,Female,0.0,Urban,Married,0.2857142857142857,0.13319932919202793,0.3249909248326196,1.0,0.24819936557506359,0.25,0.2,No,No,0.0,0.5339136512893493
P2090,0.34482758620689635,Female,1.0,Urban,Single,0.42857142857142855,0.4165656081879513,0.1148768712862901,0.19839347021048942,0.8649557040908723,0.5,0.6000000000000001,No,Yes,0.0,1.2935271326623008
P2091,0.5172413793103448,Male,0.3333333333333333,Urban,Widowed,0.2857142857142857,0.3993538505046993,0.3094353808698548,0.5387827810375123,0.5796426905069741,0.0,0.7000000000000001,Yes,No,0.0,0.8653569762212598
P2092,0.34482758620689635,Female,0.6666666666666666,Rural,Single,0.5714285714285714,0.5333615493610163,0.33729301775801857,0.054202813627211854,0.5264685155630233,0.5,0.4,No,Yes,0.0,1.0978970869915947
P2093,0.6206896551724137,Male,1.0,Rural,Married,0.42857142857142855,0.5079267244368356,0.19096644121377182,0.2123228037442318,0.5862462477422993,0.0,0.4,Yes,Yes,0.0,1.0148176763137278
P2094,0.4827586206896548,Female,0.6666666666666666,Rural,Married,0.2857142857142857,0.4110061290209547,0.3566865088805339,0.2272417187028442,0.23800875799123822,0.25,0.1,No,No,0.0,0.5237230437055239
P2095,0.8275862068965516,Female,0.0,Urban,Married,0.14285714285714285,0.5915358088944652,0.170476551440094,0.7663345616764368,0.6248994501682045,1.0,0.7000000000000001,Yes,No,0.0,0.7677565930253474
P2096,0.7586206896551722,Male,0.6666666666666666,Rural,Married,0.14285714285714285,0.3031637241912234,0.5660604247903945,0.7215419080472867,0.7752303054412064,1.0,0.9,Yes,No,0.0,0.9180874482983492
P2097,0.7586206896551722,Female,0.6666666666666666,Rural,Married,0.2857142857142857,0.45193013201279253,0.441058994396211,0.8087559611635504,0.06879398166893697,0.75,0.0,Yes,No,0.0,0.35450826738322266
P2098,0.5172413793103448,Female,1.0,Rural,Widowed,0.2857142857142857,0.21404879519761344,0.2800720565748519,0.7624679377864041,0.5312214738991825,0.75,0.9,No,Yes,0.0,0.8169357596134682
P2099,0.34482758620689635,Male,0.3333333333333333,Urban,Divorced,0.2857142857142857,0.40964528730411376,0.3979710196047427,0.7330538638161799,0.41604578230515044,0.5,0.8,No,Yes,0.0,0.7017600680194361
P2100,0.7241379310344827,Female,0.3333333333333333,Urban,Married,0.0,0.1731447269099946,0.16271095229851806,0.6436976625357174,0.27604329387613546,0.0,0.0,No,No,0.0,0.27604329387613546
P2101,0.5172413793103448,Female,0.6666666666666666,Rural,Married,0.0,0.23069274217061675,0.18114677034195203,0.5855796654328709,0.13794221522616515,0.75,0.0,No,No,0.0,0.13794221522616515
P2102,0.2413793103448274,Female,0.3333333333333333,Rural,Single,0.2857142857142857,0.70157530624832,0.24839006576777767,0.8610357392555064,0.6539951838135817,0.25,0.0,No,No,0.0,0.9397094695278674
P2103,0.10344827586206895,Male,0.6666666666666666,Urban,Widowed,0.14285714285714285,0.11257707202407163,0.3287403508347092,0.6198556732095974,0.45097564034845794,1.0,0.6000000000000001,Yes,Yes,0.0,0.5938327832056007
P2104,0.2413793103448274,Female,0.6666666666666666,Urban,Widowed,0.5714285714285714,0.3805580507642067,0.3893094204525499,0.7426582966631221,0.35111261242535585,0.0,0.30000000000000004,No,No,0.0,0.9225411838539272
P2105,0.10344827586206895,Female,1.0,Rural,Divorced,0.42857142857142855,0.5545358537874446,0.39002843034472845,0.058981630304662025,0.5314185712181079,1.0,0.6000000000000001,Yes,Yes,0.0,0.9599899997895365
P2106,0.7931034482758621,Female,0.6666666666666666,Urban,Widowed,0.0,0.7868925969482382,0.12385860609139998,0.3355721632599927,0.3702733810495715,0.0,0.4,No,No,0.0,0.3702733810495715
P2107,0.8275862068965516,Female,0.6666666666666666,Rural,Single,0.5714285714285714,0.4461791736276747,0.34895838492869846,0.8516086459775913,0.2315661088535977,0.75,0.6000000000000001,No,No,0.0,0.8029946802821691
P2108,0.068965517241379,Male,0.0,Urban,Single,0.42857142857142855,0.45570335434378195,0.21489903262153554,0.4568743077415988,0.43196200117400857,0.75,0.9,No,Yes,0.0,0.8605334297454371
P2109,0.068965517241379,Male,0.0,Rural,Divorced,0.2857142857142857,0.4232808969579581,0.0,0.28282905475628856,0.3942034858455963,0.5,0.6000000000000001,Yes,Yes,0.0,0.679917771559882
P2110,0.896551724137931,Female,0.0,Rural,Single,0.14285714285714285,0.5928724007806937,0.9228337330041728,0.7704590250911174,0.0,0.0,0.30000000000000004,No,No,0.0,0.14285714285714285
P2111,0.96551724137931,Female,0.0,Urban,Married,0.0,0.4886172608729832,0.21842714073583436,0.6172354831624831,0.24948939261215783,0.25,0.1,Yes,Yes,0.0,0.24948939261215783
P2112,0.5862068965517238,Male,0.6666666666666666,Rural,Married,0.5714285714285714,0.3208187022011859,0.2285177901554899,0.5194835828548579,0.09677225583363641,0.75,0.7000000000000001,No,Yes,0.0,0.6682008272622078
P2113,0.96551724137931,Male,0.6666666666666666,Rural,Single,0.14285714285714285,0.602585281904788,0.11882979593443799,0.9782386669797578,0.003672069716206522,0.5,0.1,Yes,No,0.0,0.14652921257334936
P2114,0.8620689655172411,Female,0.6666666666666666,Rural,Divorced,0.2857142857142857,0.33963488069202874,0.17136491732778658,0.9371345063505725,0.5134525599427938,0.75,0.8,Yes,Yes,0.0,0.7991668456570795
P2115,0.6206896551724137,Male,1.0,Urban,Widowed,0.5714285714285714,0.15025064665266685,0.32933230637925137,0.571942618950654,0.2400591861664317,1.0,0.4,Yes,Yes,0.0,0.8114877575950031
P2116,0.6206896551724137,Female,1.0,Urban,Divorced,0.42857142857142855,0.15077924309407043,0.6094206043854599,0.7898725182336697,0.651466041510727,0.75,0.8,Yes,No,0.0,1.0800374700821556
P2117,0.6896551724137931,Male,1.0,Urban,Widowed,0.14285714285714285,0.38315530892921956,0.3283002415367854,0.08090876459849711,0.0,0.0,0.8,No,No,0.0,0.14285714285714285
P2118,0.13793103448275845,Male,0.6666666666666666,Rural,Single,0.0,0.4338402609618982,0.3048068528664226,0.878696222700259,0.32931171760651523,0.5,0.7000000000000001,No,Yes,0.0,0.32931171760651523
P2119,0.5862068965517238,Male,0.6666666666666666,Urban,Single,0.14285714285714285,0.5759382121747899,0.5818679958220704,0.35675732379902464,0.2527707601836813,0.0,0.7000000000000001,Yes,No,0.0,0.3956279030408241
P2120,0.9310344827586206,Male,0.3333333333333333,Rural,Married,0.42857142857142855,0.523469401963517,0.26829153990271204,0.26923330393466266,0.02133854468143094,0.25,0.30000000000000004,No,Yes,0.0,0.4499099732528595
P2121,0.31034482758620685,Female,0.0,Rural,Widowed,0.2857142857142857,0.42997515753439075,0.36748170828648463,0.18947447180932403,0.4021644836668167,0.25,0.30000000000000004,Yes,Yes,0.0,0.6878787693811024
P2122,0.96551724137931,Male,0.3333333333333333,Urban,Divorced,0.0,0.5852517485720589,0.19607816996127625,0.17096987689638238,0.04233985060785348,0.75,0.1,No,Yes,0.0,0.04233985060785348
P2123,0.7241379310344827,Male,1.0,Urban,Single,0.2857142857142857,0.41878965110515864,0.6700242729004674,0.8755756463685358,0.4545182347222275,0.5,0.30000000000000004,No,No,0.0,0.7402325204365132
P2124,0.6896551724137931,Female,1.0,Rural,Divorced,0.42857142857142855,0.20158566120334198,0.5542745890974264,0.7680294053347698,0.5743296481878782,0.5,0.30000000000000004,No,Yes,0.0,1.0029010767593067
P2125,0.17241379310344795,Male,0.3333333333333333,Rural,Married,0.14285714285714285,0.1652579463370739,0.3358204782666604,0.4335481537335775,0.46530450328342093,0.5,0.5,Yes,Yes,0.0,0.6081616461405638
P2126,0.0,Male,0.3333333333333333,Urban,Widowed,0.42857142857142855,0.6297812846009431,0.2910103123871407,0.8216023433118753,0.4956950852267775,0.5,0.2,No,Yes,0.0,0.924266513798206
P2127,0.13793103448275845,Female,1.0,Urban,Widowed,0.14285714285714285,0.04246170143298966,0.35784737152059287,0.47446109621081617,0.6490191667172958,0.75,0.1,Yes,No,0.0,0.7918763095744386
P2128,0.2758620689655169,Male,0.0,Urban,Single,0.5714285714285714,0.3832098907151388,0.3384758947980363,0.6944065838349922,0.39450240218022653,0.0,0.7000000000000001,No,No,0.0,0.965930973608798
P2129,0.37931034482758585,Female,0.3333333333333333,Rural,Widowed,0.5714285714285714,0.9136322489591705,0.08239642448678663,0.5014379671811082,0.20222785161605628,0.75,0.1,Yes,No,0.0,0.7736564230446277
P2130,0.8620689655172411,Female,1.0,Rural,Single,0.0,0.4932055740517499,0.5604849911682498,0.5881935376426393,0.25444864999463684,0.0,0.7000000000000001,No,Yes,0.0,0.25444864999463684
P2131,0.4482758620689653,Female,0.3333333333333333,Rural,Married,0.0,0.381909529920189,0.3223385854101116,0.3994686989809541,0.25963940273432434,1.0,0.6000000000000001,Yes,Yes,0.0,0.25963940273432434
P2132,0.0344827586206895,Female,0.0,Rural,Widowed,0.42857142857142855,0.13592307222446998,0.7087891592811172,0.4349947779606847,0.14995053961688645,1.0,0.2,Yes,No,0.0,0.578521968188315
P2133,0.5517241379310343,Male,0.6666666666666666,Rural,Single,0.14285714285714285,0.6862284280222027,0.4403301292295604,0.7471875943073916,0.5895940736116804,0.0,0.5,Yes,Yes,0.0,0.7324512164688233
P2134,0.4482758620689653,Female,1.0,Urban,Divorced,0.14285714285714285,0.6189713117824097,0.0,0.7856594711023044,0.5276948058153286,0.75,0.5,No,Yes,0.0,0.6705519486724714
P2135,0.8620689655172411,Male,0.6666666666666666,Urban,Single,0.42857142857142855,0.530799485389733,0.1306139182092636,0.5177633098433414,0.0004001624792521393,0.25,0.9,Yes,Yes,0.0,0.42897159105068067
P2136,0.4137931034482758,Male,0.3333333333333333,Rural,Widowed,0.2857142857142857,0.4165733778371975,0.0,0.251659730755136,0.20215644729732546,0.75,0.4,No,Yes,0.0,0.48787073301161116
P2137,0.896551724137931,Male,0.3333333333333333,Rural,Married,0.0,0.5120020411568961,0.12835489921474585,1.0,0.1382478849523741,0.25,0.7000000000000001,Yes,No,0.0,0.1382478849523741
P2138,0.2758620689655169,Male,0.3333333333333333,Urban,Widowed,0.5714285714285714,0.39189649023269146,0.0666178774201126,0.625702197936532,0.4772828871513804,0.75,1.0,Yes,No,0.0,1.0487114585799517
P2139,0.8620689655172411,Male,0.6666666666666666,Urban,Widowed,0.14285714285714285,0.254456514919278,0.40955772552397096,0.6916511056806833,0.6599106267317719,0.5,0.4,Yes,No,0.0,0.8027677695889148
P2140,0.8275862068965516,Male,0.6666666666666666,Urban,Single,0.42857142857142855,0.5760558219174688,0.30616630152613167,0.31491897579340483,0.508758342030075,0.5,0.6000000000000001,No,Yes,0.0,0.9373297706015036
P2141,0.4827586206896548,Male,0.0,Urban,Divorced,0.2857142857142857,0.40822355723629833,0.4982799850961618,0.9078763327148376,0.23225875643225974,1.0,0.5,No,Yes,0.0,0.5179730421465454
P2142,0.8275862068965516,Male,1.0,Rural,Widowed,0.2857142857142857,0.5036573274431314,0.3567091667865524,0.9444277444261331,0.32420588963388036,1.0,1.0,No,No,0.0,0.609920175348166
P2143,0.7241379310344827,Male,0.0,Urban,Divorced,0.14285714285714285,0.39647945990670574,0.3199438057918481,0.20796550273909903,0.06587024936633917,0.0,0.6000000000000001,No,No,0.0,0.20872739222348202
P2144,0.4827586206896548,Male,0.3333333333333333,Rural,Single,0.14285714285714285,0.49363656367447384,0.7278558089580626,0.5924020747223069,0.08431883270761165,0.25,0.8,No,No,0.0,0.2271759755647545
P2145,0.7931034482758621,Female,0.0,Urban,Divorced,0.2857142857142857,0.4142512115570417,0.404149569792455,0.5737144372368115,0.6044701961180668,0.5,0.2,No,Yes,0.0,0.8901844818323525
P2146,1.0,Female,0.3333333333333333,Urban,Single,0.14285714285714285,0.4012416913184097,0.3489979059086229,1.0,0.7483427605609057,0.75,0.9,No,No,0.0,0.8911999034180484
P2147,0.34482758620689635,Female,0.6666666666666666,Urban,Married,0.14285714285714285,0.4216649325795868,0.20846528726035574,0.9625568456862159,0.2289928375085826,0.0,0.6000000000000001,Yes,Yes,0.0,0.3718499803657255
P2148,0.5172413793103448,Male,0.6666666666666666,Rural,Divorced,0.0,0.9101449484105074,0.14983390624188586,0.2695597684583981,0.41251640141314455,0.75,0.9,Yes,No,0.0,0.41251640141314455
P2149,0.96551724137931,Female,0.0,Rural,Divorced,0.14285714285714285,0.5504011643303229,0.5037274578894732,0.4426002998826492,0.5742731157207898,0.5,0.2,No,Yes,0.0,0.7171302585779327
P2150,0.5517241379310343,Female,0.6666666666666666,Urban,Married,0.42857142857142855,0.8476763194832541,0.4928538177881564,0.4031086894602814,0.0006794657848800301,0.5,0.1,No,Yes,0.0,0.4292508943563086
P2151,0.8620689655172411,Female,0.0,Rural,Divorced,0.42857142857142855,0.41531626433196955,0.6493779525361819,0.7059055526311664,0.14866402264831297,0.5,0.6000000000000001,No,No,0.0,0.5772354512197415
P2152,0.10344827586206895,Male,0.6666666666666666,Rural,Married,0.2857142857142857,0.3651570051059131,0.4507111987823301,0.9933460419556204,0.8805385183249066,0.5,0.30000000000000004,No,Yes,0.0,1.1662528040391922
P2153,0.0,Male,1.0,Urban,Widowed,0.0,0.23763382360408736,0.29216312046553716,0.6430552740684297,0.17054819664419216,0.75,0.0,No,Yes,0.0,0.17054819664419216
P2154,0.2413793103448274,Male,0.3333333333333333,Urban,Single,0.2857142857142857,0.6838718661037598,0.4565473234127849,0.7369089852586739,0.3138962585132985,0.0,0.5,Yes,No,0.0,0.5996105442275842
P2155,0.5517241379310343,Male,0.6666666666666666,Rural,Married,0.5714285714285714,0.265802515475149,0.34903625414473816,0.457862240433833,0.2558961610228813,0.5,1.0,No,No,0.0,0.8273247324514528
P2156,0.068965517241379,Female,0.3333333333333333,Rural,Divorced,0.42857142857142855,0.7182601262311151,0.5209791152861399,0.7356260038651892,0.0,1.0,0.5,No,No,0.0,0.42857142857142855
P2157,0.96551724137931,Female,0.0,Rural,Married,0.0,0.24730194487161705,0.6062421503367351,0.5039259044567166,0.4208408253648132,0.0,0.5,No,Yes,0.0,0.4208408253648132
P2158,0.6551724137931032,Female,0.3333333333333333,Urban,Divorced,0.14285714285714285,0.5644433114387378,0.3329897552029476,0.22407306555049983,0.3948660819184196,1.0,0.1,Yes,Yes,0.0,0.5377232247755624
P2159,0.4827586206896548,Female,0.6666666666666666,Urban,Widowed,0.42857142857142855,0.15149875275439229,0.6831472072390435,0.7200783032910092,0.44444709482289146,0.75,0.0,Yes,No,0.0,0.87301852339432
P2160,0.4827586206896548,Male,0.6666666666666666,Rural,Married,0.2857142857142857,0.34300738306822265,0.5796995032039126,0.6145570683844239,0.3805948534950973,0.5,0.2,Yes,No,0.0,0.666309139209383
P2161,0.7931034482758621,Male,0.0,Urban,Widowed,0.14285714285714285,0.42034692157438747,0.3668516980783766,0.35421675040827066,0.2903145372958007,0.0,0.1,Yes,Yes,0.0,0.43317168015294355
P2162,0.7241379310344827,Male,1.0,Urban,Single,0.42857142857142855,0.3170848307160855,0.48558968637417055,1.0,0.2765034301365113,0.5,0.5,No,No,0.0,0.7050748587079398
P2163,0.4482758620689653,Female,0.6666666666666666,Rural,Divorced,0.2857142857142857,0.3884455663610068,0.4191812521782151,0.433405850755954,0.28061616089636315,0.5,0.5,Yes,No,0.0,0.5663304466106489
P2164,0.8620689655172411,Male,1.0,Rural,Divorced,0.14285714285714285,0.3892424824035231,0.36763527141896246,0.7627516105393288,0.163097141251008,0.0,0.4,Yes,Yes,0.0,0.30595428410815084
P2165,0.9310344827586206,Male,0.6666666666666666,Urban,Widowed,0.2857142857142857,0.5511555916716774,0.7114809193587289,0.5301120041517704,0.20035698934342125,0.5,0.9,Yes,Yes,0.0,0.486071275057707
P2166,0.7586206896551722,Female,0.6666666666666666,Urban,Single,0.14285714285714285,0.06887470183554312,0.45774626563467125,0.9864908348855566,0.16713285961905283,0.5,0.9,Yes,No,0.0,0.3099900024761957
P2167,0.4482758620689653,Female,0.0,Rural,Married,0.2857142857142857,0.32284671199532267,0.2107330253398071,0.5600309301272293,0.5388828960102925,0.25,0.4,Yes,Yes,0.0,0.8245971817245782
P2168,0.7931034482758621,Male,0.0,Urban,Married,0.0,0.6257727246284926,0.17673278601298015,0.21596400174303948,0.4745781164944766,0.25,0.8,No,Yes,0.0,0.4745781164944766
P2169,0.0344827586206895,Male,1.0,Urban,Divorced,0.42857142857142855,0.5104133205527658,0.18416419628141323,0.8108527856480987,0.4074681634968008,0.0,0.4,Yes,No,0.0,0.8360395920682293
P2170,0.4137931034482758,Male,0.3333333333333333,Rural,Widowed,0.42857142857142855,0.6285477103545022,0.45263718198512237,0.9855251684528148,0.8681806573026963,0.0,0.9,Yes,No,0.0,1.2967520858741248
P2171,0.8620689655172411,Male,1.0,Rural,Widowed,0.14285714285714285,0.5431315591287807,0.3015429686692622,0.5145340835129646,0.17825135562339142,0.5,0.5,Yes,No,0.0,0.32110849848053424
P2172,0.4482758620689653,Male,0.6666666666666666,Urban,Married,0.2857142857142857,0.23608081549836502,0.42423522120232315,0.7794596979468627,0.6700786368597698,1.0,1.0,No,Yes,0.0,0.9557929225740555
P2173,0.896551724137931,Male,0.0,Urban,Single,0.2857142857142857,0.5268161951865961,0.5338902336293404,0.6479054938937998,0.33838671269206744,0.0,0.30000000000000004,No,No,0.0,0.6241009984063531
P2174,0.7931034482758621,Female,0.0,Urban,Single,0.0,0.43336546668212705,0.7324933691695069,0.5252832867405774,0.43874895824649873,0.5,0.9,No,Yes,0.0,0.43874895824649873
P2175,0.6206896551724137,Female,0.3333333333333333,Rural,Married,0.5714285714285714,0.7946768886321652,0.3057321393293896,0.8182171595859069,0.562392232831911,1.0,0.0,No,No,0.0,1.1338208042604823
P2176,0.2068965517241379,Female,1.0,Urban,Married,0.14285714285714285,0.5503607637490683,0.10753625321214,0.42536539666613576,0.2860624173652355,0.25,0.30000000000000004,No,Yes,0.0,0.42891956022237837
P2177,0.068965517241379,Male,0.3333333333333333,Urban,Widowed,0.5714285714285714,0.5038945679462669,0.6895276482419502,0.624696254465684,0.14673680646424192,0.0,0.1,No,Yes,0.0,0.7181653778928133
P2178,0.4827586206896548,Female,0.3333333333333333,Rural,Single,0.42857142857142855,0.5282373772235519,0.09870894139653263,0.6785342852151408,0.18641117589791822,0.5,0.9,No,No,0.0,0.6149826044693467
P2179,0.7586206896551722,Male,0.3333333333333333,Rural,Married,0.5714285714285714,0.49480759027777055,0.0915584168262199,0.6698508829817154,0.0,0.25,0.2,No,Yes,0.0,0.5714285714285714
P2180,0.4482758620689653,Male,0.0,Urban,Married,0.14285714285714285,0.49030018795767905,0.6848091381757998,0.4312623117324114,0.5469142992623762,0.75,0.6000000000000001,Yes,No,0.0,0.6897714421195191
P2181,0.34482758620689635,Female,0.3333333333333333,Rural,Divorced,0.14285714285714285,0.37228443843384695,0.5574966414068144,1.0,0.5411271535609317,0.25,0.6000000000000001,Yes,No,0.0,0.6839842964180745
P2182,0.4827586206896548,Male,0.0,Rural,Married,0.2857142857142857,0.5059121478366667,0.4517891529502148,0.9191322463250631,0.7819107255721367,0.5,0.0,No,Yes,0.0,1.0676250112864225
P2183,0.9310344827586206,Male,1.0,Urban,Married,0.0,0.574744446712116,0.354559818644823,0.8540480063406193,0.5007578631323196,1.0,0.7000000000000001,Yes,Yes,0.0,0.5007578631323196
P2184,0.4137931034482758,Female,0.3333333333333333,Rural,Single,0.14285714285714285,0.5933880115053475,0.32014472410995387,0.9600666005051466,0.5585644956685446,0.75,0.6000000000000001,No,Yes,0.0,0.7014216385256875
P2185,0.5862068965517238,Female,0.3333333333333333,Rural,Widowed,0.5714285714285714,0.5731861366005856,0.24530435909193848,0.6333794140883113,0.38132357163666764,0.75,0.0,Yes,No,0.0,0.952752143065239
P2186,0.8620689655172411,Female,0.3333333333333333,Urban,Single,0.14285714285714285,0.6680106076920121,0.31217396831356037,0.5280189024481987,0.5127741316452616,0.75,0.7000000000000001,Yes,No,0.0,0.6556312745024044
P2187,0.17241379310344795,Male,0.3333333333333333,Rural,Widowed,0.14285714285714285,0.6038153538839873,0.35501538526714127,0.3561709019864447,0.6630580328793626,0.0,0.1,No,No,0.0,0.8059151757365055
P2188,0.068965517241379,Female,1.0,Urban,Divorced,0.7142857142857142,0.5214196523501283,0.11373638328374136,0.44849514643859206,0.4445964859235149,0.5,0.7000000000000001,Yes,No,0.0,1.1588822002092292
P2189,0.6206896551724137,Female,0.6666666666666666,Urban,Married,0.42857142857142855,0.22605653338938303,0.21450390618682624,0.3741309318233213,0.2755509495406041,0.75,0.2,No,No,0.0,0.7041223781120327
P2190,0.4827586206896548,Male,0.0,Rural,Divorced,0.5714285714285714,0.2261219461951527,0.0,0.49047303682314697,0.3479621250027294,0.25,0.9,No,No,0.0,0.9193906964313008
P2191,0.8275862068965516,Female,0.6666666666666666,Rural,Widowed,0.5714285714285714,0.3753109327897751,0.3778049912909659,0.6831118754244587,0.5818123673942713,1.0,0.6000000000000001,Yes,Yes,0.0,1.1532409388228428
P2192,0.7586206896551722,Female,0.0,Rural,Single,0.2857142857142857,0.4244589476746198,0.3778365820153321,0.835758700416432,0.28276022098295506,0.5,0.5,No,No,0.0,0.5684745066972408
P2193,0.13793103448275845,Female,0.0,Urban,Single,0.2857142857142857,0.6496669218672103,0.687002806593669,0.8291334085023356,0.6148184628890321,0.25,0.4,Yes,No,0.0,0.9005327486033178
P2194,0.9310344827586206,Male,1.0,Rural,Divorced,0.2857142857142857,0.0,0.43191907673319274,0.33642486886928863,0.8600814928846636,0.0,1.0,Yes,No,0.0,1.1457957785989494
P2195,0.31034482758620685,Male,0.6666666666666666,Urban,Widowed,0.2857142857142857,0.2444656228761507,0.2625378060153859,0.781912515103854,0.6178004535932127,0.75,0.9,No,No,0.0,0.9035147393074984
P2196,0.2068965517241379,Male,1.0,Rural,Divorced,0.42857142857142855,0.38429651425586064,0.32720818150913955,0.8907869291634247,0.5806750509099726,0.25,1.0,No,Yes,0.0,1.0092464794814011
P2197,0.8275862068965516,Male,0.3333333333333333,Rural,Divorced,0.14285714285714285,0.25052372856121874,0.45214951136565495,0.556045129192978,0.4845686830404308,0.5,0.1,No,Yes,0.0,0.6274258258975737
P2198,0.5517241379310343,Female,0.6666666666666666,Rural,Married,0.5714285714285714,0.28364877693828927,0.4050204775536367,0.9036902969911023,0.2140535564239634,0.25,0.1,No,Yes,0.0,0.7854821278525348
P2199,0.2068965517241379,Male,0.0,Urban,Divorced,0.2857142857142857,0.3334729840190941,0.46877925803847253,0.8266066708507538,0.19223135935421704,0.0,0.0,No,No,0.0,0.47794564506850273
